时间,纬度,经度,速度,加速度,是否是停留点,是否在加速区间,是否在减速区间
2008/4/28 11:27:04,39.975496,116.333695,0,0,TRUE,FALSE,FALSE
2008/4/28 11:27:06,39.975457,116.33375,3.192778227,1.596389114,FALSE,TRUE,FALSE
2008/4/28 11:27:08,39.975394,116.333741,7.047567759,3.854789532,FALSE,TRUE,FALSE
2008/4/28 11:27:10,39.975334,116.333745,6.680808422,-0.366759337,FALSE,FALSE,TRUE
2008/4/28 11:27:12,39.975359,116.333651,4.239516676,-1.220645873,FALSE,FALSE,TRUE
2008/4/28 11:27:14,39.975317,116.333745,4.636235288,0.198359306,FALSE,FALSE,FALSE
2008/4/28 11:27:16,39.975368,116.333714,3.128184065,-0.754025612,FALSE,FALSE,TRUE
2008/4/28 11:27:18,39.975394,116.333718,1.455635127,-0.836274469,FALSE,FALSE,TRUE
2008/4/28 11:27:20,39.975432,116.333735,2.233546923,0.388955898,FALSE,FALSE,FALSE
2008/4/28 11:27:22,39.975422,116.333749,0.815459257,-0.709043833,FALSE,FALSE,FALSE
2008/4/28 11:27:24,39.975414,116.333778,1.313257734,0.248899239,FALSE,TRUE,FALSE
2008/4/28 11:27:26,39.975396,116.333809,1.65719033,0.171966298,FALSE,TRUE,FALSE
2008/4/28 11:27:28,39.975382,116.333833,1.285155799,-0.186017266,FALSE,FALSE,TRUE
2008/4/28 11:27:30,39.97537,116.33385,0.984802259,-0.15017677,FALSE,FALSE,TRUE
2008/4/28 11:27:32,39.975369,116.333876,1.109205404,0.062201573,FALSE,TRUE,FALSE
2008/4/28 11:27:34,39.97538,116.333901,1.228301079,0.059547837,FALSE,TRUE,FALSE
2008/4/28 11:27:36,39.975379,116.33392,0.811461172,-0.208419953,FALSE,FALSE,FALSE
2008/4/28 11:27:38,39.975384,116.333938,0.81577726,0.002158044,FALSE,TRUE,FALSE
2008/4/28 11:27:40,39.975408,116.33394,1.337139593,0.260681167,FALSE,TRUE,FALSE
2008/4/28 11:27:42,39.975421,116.333942,0.727817558,-0.304661018,FALSE,FALSE,TRUE
2008/4/28 11:27:44,39.97543,116.333947,0.543869843,-0.091973857,FALSE,FALSE,TRUE
2008/4/28 11:27:46,39.975438,116.333951,0.476340798,-0.033764522,FALSE,FALSE,TRUE
2008/4/28 11:27:48,39.975447,116.333955,0.528635371,0.026147286,FALSE,TRUE,FALSE
2008/4/28 11:27:50,39.975455,116.333962,0.535546726,0.003455677,FALSE,TRUE,FALSE
2008/4/28 11:27:52,39.975464,116.333969,0.582550496,0.023501885,FALSE,TRUE,FALSE
2008/4/28 11:27:54,39.975473,116.333974,0.54386979,-0.019340353,FALSE,FALSE,FALSE
2008/4/28 11:27:56,39.975486,116.333981,0.781929304,0.119029757,FALSE,TRUE,FALSE
2008/4/28 11:27:58,39.975499,116.333989,0.799152723,0.00861171,FALSE,TRUE,FALSE
2008/4/28 11:28:00,39.975513,116.333995,0.819318004,0.01008264,FALSE,TRUE,FALSE
2008/4/28 11:28:02,39.975609,116.334004,5.351442665,2.266062331,FALSE,TRUE,FALSE
2008/4/28 11:28:04,39.975724,116.334025,6.456404173,0.552480754,FALSE,TRUE,FALSE
2008/4/28 11:28:06,39.97585,116.334066,7.220231478,0.381913652,FALSE,TRUE,FALSE
2008/4/28 11:28:08,39.976138,116.334076,16.01872443,4.399246478,FALSE,TRUE,FALSE
2008/4/28 11:28:10,39.976288,116.33409,16.72287671,0.704152277,FALSE,TRUE,FALSE
2008/4/28 11:28:12,39.976522,116.334134,26.28996361,9.567086896,FALSE,TRUE,FALSE
2008/4/28 11:28:14,39.976881,116.334225,20.33380236,-2.978080622,FALSE,FALSE,TRUE
2008/4/28 11:28:16,39.976985,116.334247,11.71594825,-8.617854115,FALSE,FALSE,TRUE
2008/4/28 11:28:18,39.977103,116.334258,13.15524786,1.43929961,FALSE,TRUE,FALSE
2008/4/28 11:28:20,39.978243,116.333814,44.09851126,10.31442113,FALSE,TRUE,FALSE
2008/4/28 11:28:22,39.978447,116.333802,22.70819832,-21.39031295,FALSE,FALSE,TRUE
2008/4/28 11:28:24,39.978623,116.333793,19.58653391,-3.121664405,FALSE,FALSE,TRUE
2008/4/28 11:28:26,39.978816,116.333773,21.52950279,1.942968877,FALSE,FALSE,FALSE
2008/4/28 11:28:28,39.979004,116.333753,20.97528439,-0.554218402,FALSE,FALSE,TRUE
2008/4/28 11:28:30,39.979175,116.33372,19.22229637,-1.752988019,FALSE,FALSE,TRUE
2008/4/28 11:28:32,39.979343,116.333669,19.18069819,-0.04159818,FALSE,FALSE,TRUE
2008/4/28 11:28:34,39.979514,116.333597,19.98074476,0.800046576,FALSE,TRUE,FALSE
2008/4/28 11:28:36,39.979684,116.333501,20.59828148,0.617536712,FALSE,TRUE,FALSE
2008/4/28 11:28:38,39.979849,116.33345,18.85591238,-1.742369099,FALSE,FALSE,FALSE
2008/4/28 11:28:40,39.980016,116.333403,18.99763163,0.141719256,FALSE,FALSE,FALSE
2008/4/28 11:28:42,39.980176,116.333343,18.51227445,-0.485357186,FALSE,FALSE,FALSE
2008/4/28 11:28:44,39.980342,116.333297,18.87105666,0.358782214,FALSE,FALSE,FALSE
2008/4/28 11:28:46,39.980506,116.333247,18.7281439,-0.142912761,FALSE,FALSE,TRUE
2008/4/28 11:28:48,39.980665,116.333198,18.16737881,-0.56076509,FALSE,FALSE,TRUE
2008/4/28 11:28:50,39.98082,116.333145,17.81809284,-0.349285966,FALSE,FALSE,TRUE
2008/4/28 11:28:52,39.980981,116.333089,18.52846974,0.710376894,FALSE,TRUE,FALSE
2008/4/28 11:28:54,39.98115,116.333044,19.18028593,0.651816198,FALSE,TRUE,FALSE
2008/4/28 11:28:56,39.981316,116.333002,18.80320782,-0.377078111,FALSE,FALSE,FALSE
2008/4/28 11:28:58,39.981487,116.332957,19.39824716,0.595039337,FALSE,FALSE,FALSE
2008/4/28 11:29:00,39.981654,116.33292,18.83641231,-0.561834848,FALSE,FALSE,TRUE
2008/4/28 11:29:02,39.981818,116.332886,18.4657691,-0.370643215,FALSE,FALSE,TRUE
2008/4/28 11:29:04,39.981983,116.332852,18.57560089,0.109831788,FALSE,TRUE,FALSE
2008/4/28 11:29:06,39.982152,116.332814,19.06999358,0.494392695,FALSE,TRUE,FALSE
2008/4/28 11:29:08,39.982326,116.332772,19.67727937,0.607285785,FALSE,TRUE,FALSE
2008/4/28 11:29:10,39.982492,116.332739,18.67242551,-1.004853853,FALSE,FALSE,FALSE
2008/4/28 11:29:12,39.982663,116.332703,19.26132776,0.588902248,FALSE,FALSE,FALSE
2008/4/28 11:29:14,39.982832,116.33267,19.00229097,-0.259036791,FALSE,FALSE,TRUE
2008/4/28 11:29:16,39.982996,116.332635,18.47932068,-0.522970287,FALSE,FALSE,TRUE
2008/4/28 11:29:18,39.983165,116.332595,19.09965786,0.620337177,FALSE,TRUE,FALSE
2008/4/28 11:29:20,39.983336,116.332552,19.36526308,0.265605219,FALSE,TRUE,FALSE
2008/4/28 11:29:22,39.983508,116.332508,19.49067615,0.125413076,FALSE,TRUE,FALSE
2008/4/28 11:29:24,39.983672,116.332461,18.67160986,-0.819066297,FALSE,FALSE,TRUE
2008/4/28 11:29:26,39.983836,116.332422,18.53736878,-0.134241078,FALSE,FALSE,TRUE
2008/4/28 11:29:28,39.984003,116.332384,18.85084201,0.313473231,FALSE,FALSE,FALSE
2008/4/28 11:29:30,39.984168,116.332345,18.64677705,-0.204064961,FALSE,FALSE,FALSE
2008/4/28 11:29:32,39.984334,116.332307,18.74129983,0.094522776,FALSE,FALSE,FALSE
2008/4/28 11:29:34,39.984499,116.332264,18.71051654,-0.03078329,FALSE,FALSE,TRUE
2008/4/28 11:29:36,39.984657,116.332227,17.85047566,-0.860040876,FALSE,FALSE,TRUE
2008/4/28 11:29:38,39.984812,116.332194,17.46411082,-0.38636484,FALSE,FALSE,TRUE
2008/4/28 11:29:40,39.984976,116.332171,18.34208193,0.877971108,FALSE,TRUE,FALSE
2008/4/28 11:29:42,39.985142,116.33214,18.64750958,0.305427654,FALSE,TRUE,FALSE
2008/4/28 11:29:44,39.985299,116.332115,17.58814458,-1.059364998,FALSE,FALSE,FALSE
2008/4/28 11:29:46,39.985466,116.332083,18.76978239,1.181637804,FALSE,TRUE,FALSE
2008/4/28 11:29:48,39.985641,116.332053,19.62746615,0.857683762,FALSE,TRUE,FALSE
2008/4/28 11:29:50,39.985808,116.332029,18.68294284,-0.944523305,FALSE,FALSE,TRUE
2008/4/28 11:29:52,39.985974,116.332,18.62413207,-0.058810775,FALSE,FALSE,TRUE
2008/4/28 11:29:54,39.986148,116.331967,19.55233248,0.928200405,FALSE,FALSE,FALSE
2008/4/28 11:29:56,39.986318,116.33194,19.04376158,-0.508570895,FALSE,FALSE,TRUE
2008/4/28 11:29:58,39.986488,116.331917,19.00560277,-0.038158811,FALSE,FALSE,TRUE
2008/4/28 11:30:00,39.986661,116.3319,19.29235863,0.28675586,FALSE,FALSE,FALSE
2008/4/28 11:30:02,39.986832,116.331874,19.14410558,-0.148253051,FALSE,FALSE,TRUE
2008/4/28 11:30:04,39.987003,116.331857,19.07058952,-0.073516056,FALSE,FALSE,TRUE
2008/4/28 11:30:06,39.987179,116.33184,19.6250376,0.554448079,FALSE,FALSE,FALSE
2008/4/28 11:30:08,39.987347,116.331835,18.68675622,-0.938281378,FALSE,FALSE,TRUE
2008/4/28 11:30:10,39.987514,116.331834,18.57089336,-0.115862865,FALSE,FALSE,TRUE
2008/4/28 11:30:12,39.987675,116.33183,17.90673062,-0.664162737,FALSE,FALSE,TRUE
2008/4/28 11:30:14,39.987835,116.331825,17.79738464,-0.109345985,FALSE,FALSE,TRUE
2008/4/28 11:30:16,39.987999,116.33182,18.24206741,0.444682777,FALSE,TRUE,FALSE
2008/4/28 11:30:18,39.988169,116.331817,18.90603115,0.663963735,FALSE,TRUE,FALSE
2008/4/28 11:30:20,39.988328,116.33182,17.68293104,-1.223100103,FALSE,FALSE,TRUE
2008/4/28 11:30:22,39.988485,116.331813,17.4688638,-0.214067242,FALSE,FALSE,TRUE
2008/4/28 11:30:23,39.988647,116.331814,18.01489046,0.546026663,FALSE,FALSE,FALSE
2008/4/28 11:30:25,39.988803,116.331817,17.34936119,-0.665529277,FALSE,FALSE,TRUE
2008/4/28 11:30:27,39.988953,116.331814,16.68222578,-0.667135403,FALSE,FALSE,TRUE
2008/4/28 11:30:29,39.9891,116.331819,16.35221204,-0.330013741,FALSE,FALSE,TRUE
2008/4/28 11:30:31,39.989246,116.331817,16.23635462,-0.11585742,FALSE,FALSE,TRUE
2008/4/28 11:30:33,39.98939,116.331815,16.01396347,-0.222391153,FALSE,FALSE,TRUE
2008/4/28 11:30:35,39.989529,116.331814,15.45728277,-0.556680705,FALSE,FALSE,TRUE
2008/4/28 11:30:37,39.989658,116.331804,14.37030854,-1.086974227,FALSE,FALSE,TRUE
2008/4/28 11:30:39,39.989791,116.3318,14.79376308,0.423454545,FALSE,FALSE,FALSE
2008/4/28 11:30:41,39.98991,116.331798,13.2341093,-1.559653781,FALSE,FALSE,TRUE
2008/4/28 11:30:43,39.990021,116.3318,12.34457408,-0.889535219,FALSE,FALSE,TRUE
2008/4/28 11:30:45,39.990125,116.331826,11.77521798,-0.569356103,FALSE,FALSE,TRUE
2008/4/28 11:30:47,39.99023,116.331823,11.67898446,-0.096233521,FALSE,FALSE,TRUE
2008/4/28 11:30:49,39.990331,116.331817,11.24300723,-0.435977232,FALSE,FALSE,TRUE
2008/4/28 11:30:51,39.990516,116.331854,10.40622163,-0.418392797,FALSE,FALSE,TRUE
2008/4/28 11:30:53,39.990615,116.331852,11.01029519,0.604073559,FALSE,FALSE,FALSE
2008/4/28 11:30:55,39.990711,116.331855,10.67843052,-0.331864671,FALSE,FALSE,TRUE
2008/4/28 11:30:57,39.99089,116.331855,9.952559659,-0.362935431,FALSE,FALSE,TRUE
2008/4/28 11:30:59,39.99105,116.331915,9.256024869,-0.348267395,FALSE,FALSE,TRUE
2008/4/28 11:31:01,39.991196,116.331942,8.198804664,-0.528610102,FALSE,FALSE,TRUE
2008/4/28 11:31:03,39.991336,116.331934,7.791581025,-0.20361182,FALSE,FALSE,TRUE
2008/4/28 11:31:05,39.991451,116.331946,6.414503109,-0.688538958,FALSE,FALSE,TRUE
2008/4/28 11:31:07,39.991553,116.331932,5.70256099,-0.355971059,FALSE,FALSE,TRUE
2008/4/28 11:31:09,39.991605,116.331937,2.899080956,-1.401740017,TRUE,FALSE,TRUE
2008/4/28 11:31:11,39.991598,116.331937,0.389206244,-1.254937356,TRUE,FALSE,TRUE
2008/4/28 11:31:13,39.99159,116.331935,0.452892642,0.031843199,FALSE,TRUE,FALSE
2008/4/28 11:31:15,39.991596,116.331945,0.541065132,0.044086245,TRUE,TRUE,FALSE
2008/4/28 11:31:17,39.991601,116.33195,0.350215946,-0.095424593,TRUE,FALSE,FALSE
2008/4/28 11:31:19,39.991668,116.331992,4.132613241,1.891198648,FALSE,FALSE,FALSE
2008/4/28 11:31:21,39.99172,116.332005,2.943802023,-0.594405609,FALSE,FALSE,TRUE
2008/4/28 11:31:23,39.991764,116.331981,2.651464492,-0.146168765,FALSE,FALSE,TRUE
2008/4/28 11:31:25,39.991793,116.331948,2.139157396,-0.256153548,FALSE,FALSE,TRUE
2008/4/28 11:31:27,39.991843,116.33193,2.883846576,0.37234459,FALSE,FALSE,FALSE
2008/4/28 11:31:29,39.99188,116.331905,2.316531269,-0.283657654,FALSE,FALSE,TRUE
2008/4/28 11:31:31,39.991907,116.331886,1.705501327,-0.305514971,FALSE,FALSE,TRUE
2008/4/28 11:31:33,39.991935,116.331866,1.774692316,0.034595494,FALSE,FALSE,FALSE
2008/4/28 11:31:35,39.991951,116.33185,1.120688937,-0.327001689,FALSE,FALSE,TRUE
2008/4/28 11:31:37,39.991963,116.331846,0.688624168,-0.216032385,TRUE,FALSE,TRUE
2008/4/28 11:31:39,39.991967,116.331839,0.371990943,-0.158316612,TRUE,FALSE,TRUE
2008/4/28 11:31:41,39.991972,116.331849,0.508668286,0.068338671,TRUE,FALSE,FALSE
2008/4/28 11:31:43,39.991966,116.331851,0.34431208,-0.082178103,TRUE,FALSE,FALSE
2008/4/28 11:31:45,39.99194,116.331863,1.533337711,0.594512815,FALSE,TRUE,FALSE
2008/4/28 11:31:47,39.991906,116.331844,2.056401538,0.261531914,FALSE,TRUE,FALSE
2008/4/28 11:31:49,39.991888,116.331801,2.087289827,0.015444145,FALSE,TRUE,FALSE
2008/4/28 11:31:51,39.991859,116.331761,2.345897796,0.129303985,FALSE,TRUE,FALSE
2008/4/28 11:31:53,39.991834,116.331738,1.700609505,-0.322644146,FALSE,FALSE,TRUE
2008/4/28 11:31:55,39.991855,116.331718,1.445394044,-0.127607731,FALSE,FALSE,TRUE
2008/4/28 11:31:57,39.991859,116.331678,1.718366679,0.136486317,FALSE,TRUE,FALSE
2008/4/28 11:31:59,39.991862,116.33163,2.051488363,0.166560842,FALSE,TRUE,FALSE
2008/4/28 11:32:01,39.991942,116.331602,4.605210533,1.276861085,FALSE,TRUE,FALSE
2008/4/28 11:32:03,39.992052,116.331601,6.116246456,0.755517961,FALSE,TRUE,FALSE
2008/4/28 11:32:05,39.992224,116.33161,9.571034841,1.727394193,FALSE,TRUE,FALSE
2008/4/28 11:32:07,39.992419,116.331604,21.690372,12.11933716,FALSE,TRUE,FALSE
2008/4/28 11:32:09,39.992588,116.33162,18.84247206,-2.847899939,FALSE,FALSE,FALSE
2008/4/28 11:32:11,39.992815,116.331614,25.24798,6.405507938,FALSE,TRUE,FALSE
2008/4/28 11:32:13,39.993048,116.33162,25.91505743,0.667077432,FALSE,TRUE,FALSE
2008/4/28 11:32:15,39.993264,116.331698,24.92184397,-0.993213453,FALSE,FALSE,TRUE
2008/4/28 11:32:17,39.993471,116.331717,23.07561201,-1.846231967,FALSE,FALSE,TRUE
2008/4/28 11:32:19,39.993717,116.331835,29.14430355,6.068691538,FALSE,FALSE,FALSE
2008/4/28 11:32:21,39.993882,116.331905,19.2930962,-9.85120735,FALSE,FALSE,TRUE
2008/4/28 11:32:23,39.994046,116.331904,18.23729154,-1.055804653,FALSE,FALSE,TRUE
2008/4/28 11:32:25,39.994203,116.331908,17.46200547,-0.775286075,FALSE,FALSE,TRUE
2008/4/28 11:32:27,39.994368,116.331871,18.61708392,1.155078454,FALSE,TRUE,FALSE
2008/4/28 11:32:29,39.994564,116.331855,21.83813104,3.221047122,FALSE,TRUE,FALSE
2008/4/28 11:32:31,39.994723,116.331839,17.73354709,-4.104583957,FALSE,FALSE,FALSE
2008/4/28 11:32:33,39.994887,116.331826,18.27068942,0.537142337,FALSE,TRUE,FALSE
2008/4/28 11:32:35,39.99507,116.331801,20.46107354,2.190384119,FALSE,TRUE,FALSE
2008/4/28 11:32:37,39.995234,116.331789,18.26572308,-2.195350465,FALSE,FALSE,FALSE
2008/4/28 11:32:39,39.995417,116.331787,20.35063972,2.084916638,FALSE,TRUE,FALSE
2008/4/28 11:32:41,39.995604,116.331754,20.98390788,0.633268164,FALSE,TRUE,FALSE
2008/4/28 11:32:43,39.995782,116.331743,19.81608758,-1.167820296,FALSE,FALSE,FALSE
2008/4/28 11:32:45,39.995974,116.331737,21.35686011,1.540772525,FALSE,FALSE,FALSE
2008/4/28 11:32:47,39.996153,116.331726,19.92716541,-1.429694697,FALSE,FALSE,TRUE
2008/4/28 11:32:49,39.996329,116.331711,19.61318605,-0.313979359,FALSE,FALSE,TRUE
2008/4/28 11:32:51,39.996498,116.331699,18.82088519,-0.792300867,FALSE,FALSE,TRUE
2008/4/28 11:32:53,39.996665,116.331688,18.59432585,-0.226559335,FALSE,FALSE,TRUE
2008/4/28 11:32:55,39.996839,116.331675,19.38077786,0.786452007,FALSE,FALSE,FALSE
2008/4/28 11:32:57,39.997007,116.331666,18.69762582,-0.683152035,FALSE,FALSE,FALSE
2008/4/28 11:32:59,39.997186,116.331654,19.93135244,1.233726618,FALSE,TRUE,FALSE
2008/4/28 11:33:01,39.997369,116.331636,20.40761679,0.47626435,FALSE,TRUE,FALSE
2008/4/28 11:33:03,39.99755,116.331618,20.18584854,-0.221768248,FALSE,FALSE,TRUE
2008/4/28 11:33:05,39.997716,116.331606,18.48778018,-1.698068366,FALSE,FALSE,TRUE
2008/4/28 11:33:07,39.997886,116.331592,18.94188643,0.454106248,FALSE,TRUE,FALSE
2008/4/28 11:33:09,39.998057,116.331571,19.09947041,0.157583989,FALSE,TRUE,FALSE
2008/4/28 11:33:11,39.998226,116.331553,18.85555409,-0.243916321,FALSE,FALSE,FALSE
2008/4/28 11:33:13,39.998397,116.331539,19.0528683,0.197314204,FALSE,FALSE,FALSE
2008/4/28 11:33:15,39.998567,116.331531,18.91658328,-0.136285017,FALSE,FALSE,FALSE
2008/4/28 11:33:17,39.998739,116.331534,19.1284141,0.211830815,FALSE,FALSE,FALSE
2008/4/28 11:33:19,39.998911,116.331534,19.12670683,-0.001707266,FALSE,FALSE,FALSE
2008/4/28 11:33:21,39.999085,116.331528,19.35586003,0.229153197,FALSE,FALSE,FALSE
2008/4/28 11:33:23,39.999249,116.331515,18.27068514,-1.085174889,FALSE,FALSE,FALSE
2008/4/28 11:33:25,39.999423,116.331499,19.39705626,1.12637112,FALSE,FALSE,FALSE
2008/4/28 11:33:27,39.999588,116.331478,18.43529494,-0.96176132,FALSE,FALSE,TRUE
2008/4/28 11:33:29,39.999749,116.331456,18.00130741,-0.433987523,FALSE,FALSE,TRUE
2008/4/28 11:33:31,39.999912,116.331435,18.21395289,0.21264548,FALSE,TRUE,FALSE
2008/4/28 11:33:33,40.000078,116.331417,18.52307012,0.309117223,FALSE,TRUE,FALSE
2008/4/28 11:33:35,40.000238,116.331404,17.82671522,-0.696354902,FALSE,FALSE,FALSE
2008/4/28 11:33:37,40.000409,116.331385,19.0842613,1.257546087,FALSE,FALSE,FALSE
2008/4/28 11:33:39,40.000569,116.331375,17.81266592,-1.271595379,FALSE,FALSE,TRUE
2008/4/28 11:33:41,40.000725,116.331353,17.44841302,-0.364252908,FALSE,FALSE,TRUE
2008/4/28 11:33:43,40.000892,116.331336,18.62707492,1.178661908,FALSE,FALSE,FALSE
2008/4/28 11:33:45,40.001055,116.331324,18.15469176,-0.472383167,FALSE,FALSE,TRUE
2008/4/28 11:33:47,40.001217,116.331315,18.03099504,-0.123696717,FALSE,FALSE,TRUE
2008/4/28 11:33:49,40.001379,116.331308,18.02455486,-0.00644018,FALSE,FALSE,TRUE
2008/4/28 11:33:51,40.001549,116.331306,18.90507093,0.880516069,FALSE,TRUE,FALSE
2008/4/28 11:33:53,40.00172,116.331301,19.02027439,0.115203458,FALSE,TRUE,FALSE
2008/4/28 11:33:55,40.001894,116.331295,19.35585947,0.335585085,FALSE,TRUE,FALSE
2008/4/28 11:33:57,40.002067,116.331283,19.26504642,-0.090813056,FALSE,FALSE,TRUE
2008/4/28 11:33:59,40.002233,116.331277,18.46657026,-0.798476152,FALSE,FALSE,TRUE
2008/4/28 11:34:01,40.002404,116.33127,19.02485164,0.558281378,FALSE,FALSE,FALSE
2008/4/28 11:34:03,40.002572,116.331268,18.68267648,-0.342175164,FALSE,FALSE,FALSE
2008/4/28 11:34:05,40.002743,116.331272,19.01855747,0.335880992,FALSE,TRUE,FALSE
2008/4/28 11:34:07,40.002915,116.33128,19.1388426,0.120285134,FALSE,TRUE,FALSE
2008/4/28 11:34:09,40.003085,116.331282,18.90507089,-0.233771709,FALSE,FALSE,FALSE
2008/4/28 11:34:11,40.003261,116.331287,19.57614764,0.671076742,FALSE,FALSE,FALSE
2008/4/28 11:34:13,40.003434,116.331293,19.24469638,-0.331451256,FALSE,FALSE,FALSE
2008/4/28 11:34:15,40.00361,116.331297,19.57447961,0.32978323,FALSE,FALSE,FALSE
2008/4/28 11:34:17,40.003774,116.331298,18.23729149,-1.337188123,FALSE,FALSE,FALSE
2008/4/28 11:34:19,40.003939,116.331302,18.35145763,0.114166147,FALSE,FALSE,FALSE
2008/4/28 11:34:21,40.004104,116.331301,18.34849206,-0.002965572,FALSE,FALSE,FALSE
2008/4/28 11:34:23,40.004269,116.3313,18.34849206,4.79E-10,FALSE,FALSE,FALSE
2008/4/28 11:34:25,40.004434,116.3313,18.34829434,-1.98E-04,FALSE,FALSE,TRUE
2008/4/28 11:34:27,40.004598,116.331303,18.23888279,-0.109411551,FALSE,FALSE,TRUE
2008/4/28 11:34:29,40.004761,116.331304,18.12609092,-0.112791874,FALSE,FALSE,TRUE
2008/4/28 11:34:31,40.004927,116.331302,18.46028221,0.334191295,FALSE,FALSE,FALSE
2008/4/28 11:34:33,40.005089,116.331298,18.01791074,-0.44237147,FALSE,FALSE,FALSE
2008/4/28 11:34:35,40.005254,116.331294,18.35145751,0.333546769,FALSE,TRUE,FALSE
2008/4/28 11:34:37,40.005421,116.33129,18.57382319,0.222365677,FALSE,TRUE,FALSE
2008/4/28 11:34:39,40.005587,116.331278,18.48777366,-0.086049526,FALSE,FALSE,FALSE
2008/4/28 11:34:41,40.005753,116.331265,18.49267839,0.004904728,FALSE,FALSE,FALSE
2008/4/28 11:34:43,40.005909,116.331236,17.52246378,-0.970214613,FALSE,FALSE,TRUE
2008/4/28 11:34:45,40.006054,116.331194,16.51635753,-1.006106248,FALSE,FALSE,TRUE
2008/4/28 11:34:47,40.006215,116.33116,18.13620531,1.619847778,FALSE,TRUE,FALSE
2008/4/28 11:34:49,40.006381,116.331117,18.81934967,0.68314436,FALSE,TRUE,FALSE
2008/4/28 11:34:51,40.006527,116.331059,16.97046452,-1.848885144,FALSE,FALSE,TRUE
2008/4/28 11:34:53,40.00667,116.330995,16.8102994,-0.160165128,FALSE,FALSE,TRUE
2008/4/28 11:34:55,40.006825,116.33094,17.86157934,1.051279948,FALSE,TRUE,FALSE
2008/4/28 11:34:57,40.006982,116.330881,18.16756796,0.305988621,FALSE,TRUE,FALSE
2008/4/28 11:34:59,40.007136,116.330819,17.92084472,-0.246723241,FALSE,FALSE,TRUE
2008/4/28 11:35:01,40.00728,116.330746,17.17789548,-0.742949239,FALSE,FALSE,TRUE
2008/4/28 11:35:03,40.007426,116.330665,17.64058628,0.462690797,FALSE,FALSE,FALSE
2008/4/28 11:35:05,40.007567,116.330581,17.23474173,-0.405844553,FALSE,FALSE,TRUE
2008/4/28 11:35:07,40.007707,116.330497,17.13363101,-0.101110718,FALSE,FALSE,TRUE
2008/4/28 11:35:09,40.007855,116.330414,17.91201865,0.778387642,FALSE,TRUE,FALSE
2008/4/28 11:35:11,40.008005,116.330325,18.32204341,0.410024756,FALSE,TRUE,FALSE
2008/4/28 11:35:13,40.008154,116.33023,18.43933286,0.117289449,FALSE,TRUE,FALSE
2008/4/28 11:35:15,40.008295,116.330131,17.80308174,-0.636251118,FALSE,FALSE,TRUE
2008/4/28 11:35:17,40.008432,116.330027,17.62277602,-0.18030572,FALSE,FALSE,TRUE
2008/4/28 11:35:19,40.008578,116.329917,18.74494096,1.122164941,FALSE,FALSE,FALSE
2008/4/28 11:35:21,40.008721,116.329802,18.67653163,-0.068409335,FALSE,FALSE,FALSE
2008/4/28 11:35:23,40.008867,116.329689,18.8739361,0.197404471,FALSE,TRUE,FALSE
2008/4/28 11:35:25,40.009007,116.329561,19.00607632,0.132140225,FALSE,TRUE,FALSE
2008/4/28 11:35:27,40.009143,116.32943,18.79402644,-0.212049886,FALSE,FALSE,FALSE
2008/4/28 11:35:29,40.009276,116.32929,18.99815021,0.204123771,FALSE,TRUE,FALSE
2008/4/28 11:35:31,40.009402,116.329136,19.19296188,0.194811671,FALSE,TRUE,FALSE
2008/4/28 11:35:33,40.00953,116.328984,19.24087317,0.047911296,FALSE,TRUE,FALSE
2008/4/28 11:35:35,40.009657,116.328833,19.10128694,-0.139586234,FALSE,FALSE,TRUE
2008/4/28 11:35:37,40.009777,116.328676,18.89138319,-0.209903745,FALSE,FALSE,TRUE
2008/4/28 11:35:39,40.009898,116.32852,18.91013596,0.018752765,FALSE,TRUE,FALSE
2008/4/28 11:35:41,40.010026,116.328368,19.24080988,0.330673915,FALSE,TRUE,FALSE
2008/4/28 11:35:43,40.010154,116.328214,19.35582199,0.115012115,FALSE,TRUE,FALSE
2008/4/28 11:35:45,40.010285,116.328058,19.71682466,0.361002668,FALSE,TRUE,FALSE
2008/4/28 11:35:47,40.010417,116.327904,19.68519747,-0.031627187,FALSE,FALSE,TRUE
2008/4/28 11:35:49,40.010541,116.327746,19.26744772,-0.417749755,FALSE,FALSE,TRUE
2008/4/28 11:35:51,40.010657,116.327596,18.15535343,-1.112094283,FALSE,FALSE,TRUE
2008/4/28 11:35:53,40.010779,116.327448,18.51894018,0.363586746,FALSE,TRUE,FALSE
2008/4/28 11:35:55,40.01091,116.327299,19.31999181,0.801051636,FALSE,TRUE,FALSE
2008/4/28 11:35:57,40.011033,116.327155,18.37135389,-0.948637921,FALSE,FALSE,FALSE
2008/4/28 11:35:59,40.011156,116.32701,18.42830891,0.056955019,FALSE,FALSE,FALSE
2008/4/28 11:36:01,40.01127,116.326864,17.75772166,-0.670587252,FALSE,FALSE,FALSE
2008/4/28 11:36:03,40.011389,116.326711,18.57216502,0.814443359,FALSE,FALSE,FALSE
2008/4/28 11:36:05,40.011508,116.326558,18.57214908,-1.59E-05,FALSE,FALSE,TRUE
2008/4/28 11:36:07,40.011632,116.326414,18.45422357,-0.117925505,FALSE,FALSE,TRUE
2008/4/28 11:36:09,40.011751,116.326269,18.10054616,-0.35367741,FALSE,FALSE,TRUE
2008/4/28 11:36:11,40.011874,116.326123,18.48540754,0.384861382,FALSE,FALSE,FALSE
2008/4/28 11:36:13,40.011995,116.325977,18.32144129,-0.163966254,FALSE,FALSE,FALSE
2008/4/28 11:36:15,40.012123,116.325829,19.01298653,0.691545242,FALSE,FALSE,FALSE
2008/4/28 11:36:17,40.012249,116.325686,18.56493141,-0.448055119,FALSE,FALSE,FALSE
2008/4/28 11:36:19,40.012382,116.325536,19.54362392,0.978692505,FALSE,FALSE,FALSE
2008/4/28 11:36:21,40.01251,116.325386,19.12629589,-0.417328023,FALSE,FALSE,FALSE
2008/4/28 11:36:23,40.012639,116.325233,19.38005144,0.253755542,FALSE,TRUE,FALSE
2008/4/28 11:36:25,40.012771,116.325081,19.57181044,0.191759005,FALSE,TRUE,FALSE
2008/4/28 11:36:27,40.012906,116.324929,19.82322233,0.251411889,FALSE,TRUE,FALSE
2008/4/28 11:36:29,40.013032,116.324781,18.84695134,-0.976270988,FALSE,FALSE,FALSE
2008/4/28 11:36:31,40.013158,116.324628,19.13436538,0.287414041,FALSE,FALSE,FALSE
2008/4/28 11:36:33,40.013282,116.324477,18.85550613,-0.278859251,FALSE,FALSE,TRUE
2008/4/28 11:36:35,40.013405,116.324325,18.83276488,-0.022741255,FALSE,FALSE,TRUE
2008/4/28 11:36:37,40.013525,116.32417,18.77067946,-0.06208542,FALSE,FALSE,TRUE
2008/4/28 11:36:39,40.013644,116.324014,18.75202009,-0.018659366,FALSE,FALSE,TRUE
2008/4/28 11:36:41,40.013766,116.323863,18.69341513,-0.05860496,FALSE,FALSE,TRUE
2008/4/28 11:36:43,40.013884,116.323706,18.73437208,0.040956946,FALSE,TRUE,FALSE
2008/4/28 11:36:45,40.014003,116.323547,18.93386013,0.199488052,FALSE,TRUE,FALSE
2008/4/28 11:36:47,40.014128,116.323396,18.93687163,0.003011499,FALSE,TRUE,FALSE
2008/4/28 11:36:49,40.014251,116.323248,18.60012398,-0.336747645,FALSE,FALSE,FALSE
2008/4/28 11:36:51,40.014378,116.323096,19.15813407,0.558010086,FALSE,TRUE,FALSE
2008/4/28 11:36:53,40.01451,116.322947,19.40353866,0.245404588,FALSE,TRUE,FALSE
2008/4/28 11:36:55,40.014643,116.322812,18.73322786,-0.670310791,FALSE,FALSE,TRUE
2008/4/28 11:36:57,40.014768,116.322667,18.59354421,-0.139683654,FALSE,FALSE,TRUE
2008/4/28 11:36:59,40.014891,116.32252,18.54243441,-0.051109804,FALSE,FALSE,TRUE
2008/4/28 11:37:01,40.015021,116.322368,19.40528306,0.862848654,FALSE,TRUE,FALSE
2008/4/28 11:37:02,40.015151,116.322215,19.46218509,0.056902026,FALSE,TRUE,FALSE
2008/4/28 11:37:04,40.015278,116.322069,18.81650112,-0.645683969,FALSE,FALSE,FALSE
2008/4/28 11:37:06,40.015408,116.321927,18.84776855,0.031267432,FALSE,FALSE,FALSE
2008/4/28 11:37:08,40.015537,116.321792,18.38398646,-0.463782088,FALSE,FALSE,TRUE
2008/4/28 11:37:10,40.015662,116.321652,18.31338314,-0.070603322,FALSE,FALSE,TRUE
2008/4/28 11:37:12,40.015782,116.321518,17.55867401,-0.754709134,FALSE,FALSE,TRUE
2008/4/28 11:37:14,40.015893,116.321396,16.13431662,-1.424357388,FALSE,FALSE,TRUE
2008/4/28 11:37:16,40.016014,116.321275,16.94821596,0.813899341,FALSE,FALSE,FALSE
2008/4/28 11:37:18,40.016131,116.321151,16.75710136,-0.191114598,FALSE,FALSE,FALSE
2008/4/28 11:37:20,40.016249,116.321025,16.95088784,0.193786474,FALSE,TRUE,FALSE
2008/4/28 11:37:22,40.016378,116.320894,18.1727928,1.221904963,FALSE,TRUE,FALSE
2008/4/28 11:37:24,40.016507,116.320757,18.49088624,0.318093437,FALSE,TRUE,FALSE
2008/4/28 11:37:26,40.016636,116.320619,18.5447283,0.053842059,FALSE,TRUE,FALSE
2008/4/28 11:37:28,40.016767,116.32048,18.77087487,0.22614657,FALSE,TRUE,FALSE
2008/4/28 11:37:30,40.0169,116.320342,18.89087832,0.120003458,FALSE,TRUE,FALSE
2008/4/28 11:37:32,40.017036,116.320218,18.44559829,-0.445280032,FALSE,FALSE,TRUE
2008/4/28 11:37:34,40.017165,116.320093,17.86356675,-0.582031537,FALSE,FALSE,TRUE
2008/4/28 11:37:36,40.017307,116.31998,18.49208227,0.628515511,FALSE,FALSE,FALSE
2008/4/28 11:37:38,40.017455,116.319882,18.4531275,-0.038954766,FALSE,FALSE,TRUE
2008/4/28 11:37:40,40.017598,116.319778,18.20208158,-0.251045916,FALSE,FALSE,TRUE
2008/4/28 11:37:42,40.017742,116.319675,18.25823393,0.05615235,FALSE,TRUE,FALSE
2008/4/28 11:37:44,40.017897,116.319577,19.15058639,0.892352456,FALSE,TRUE,FALSE
2008/4/28 11:37:46,40.018047,116.319484,18.46511223,-0.685474163,FALSE,FALSE,FALSE
2008/4/28 11:37:48,40.018214,116.319389,20.25651979,1.791407564,FALSE,FALSE,FALSE
2008/4/28 11:37:50,40.018376,116.319307,19.32087097,-0.93564882,FALSE,FALSE,TRUE
2008/4/28 11:37:52,40.018524,116.319234,17.59291495,-1.727956025,FALSE,FALSE,TRUE
2008/4/28 11:37:54,40.018678,116.319158,18.30735648,0.714441534,FALSE,TRUE,FALSE
2008/4/28 11:37:56,40.018834,116.319076,18.70030427,0.392947786,FALSE,TRUE,FALSE
2008/4/28 11:37:58,40.018997,116.318995,19.39412023,0.693815962,FALSE,TRUE,FALSE
2008/4/28 11:38:00,40.019156,116.318912,19.04162027,-0.352499959,FALSE,FALSE,TRUE
2008/4/28 11:38:02,40.019314,116.318832,18.84453863,-0.19708164,FALSE,FALSE,TRUE
2008/4/28 11:38:04,40.019453,116.318777,16.15112986,-2.693408773,FALSE,FALSE,TRUE
2008/4/28 11:38:06,40.019575,116.318717,14.49695959,-1.654170264,FALSE,FALSE,TRUE
2008/4/28 11:38:08,40.019696,116.318669,14.06263628,-0.434323311,FALSE,FALSE,TRUE
2008/4/28 11:38:10,40.019804,116.318627,12.53109355,-1.531542727,FALSE,FALSE,TRUE
2008/4/28 11:38:12,40.019919,116.318576,13.50561185,0.974518294,FALSE,TRUE,FALSE
2008/4/28 11:38:14,40.020042,116.318526,14.32527675,0.819664903,FALSE,TRUE,FALSE
2008/4/28 11:38:16,40.020151,116.318481,12.71237242,-1.612904334,FALSE,FALSE,FALSE
2008/4/28 11:38:18,40.020277,116.318436,14.52604143,1.813669015,FALSE,FALSE,FALSE
2008/4/28 11:38:20,40.020395,116.318396,13.55675139,-0.969290043,FALSE,FALSE,TRUE
2008/4/28 11:38:22,40.020508,116.318355,13.04186941,-0.51488198,FALSE,FALSE,TRUE
2008/4/28 11:38:24,40.020633,116.318312,14.3744744,1.332604988,FALSE,FALSE,FALSE
2008/4/28 11:38:26,40.020757,116.318267,14.31163004,-0.062844362,FALSE,FALSE,TRUE
2008/4/28 11:38:28,40.020878,116.318225,13.92267939,-0.388950647,FALSE,FALSE,TRUE
2008/4/28 11:38:30,40.021002,116.318182,14.26696449,0.344285097,FALSE,FALSE,FALSE
2008/4/28 11:38:32,40.021126,116.318142,14.20353673,-0.063427758,FALSE,FALSE,TRUE
2008/4/28 11:38:34,40.021242,116.318105,13.27865884,-0.924877893,FALSE,FALSE,TRUE
2008/4/28 11:38:36,40.02137,116.318067,14.59704827,1.318389432,FALSE,FALSE,FALSE
2008/4/28 11:38:38,40.021497,116.318033,14.41637646,-0.180671807,FALSE,FALSE,TRUE
2008/4/28 11:38:40,40.021617,116.317993,13.77211789,-0.644258567,FALSE,FALSE,TRUE
2008/4/28 11:38:42,40.021747,116.317949,14.93393585,1.161817955,FALSE,TRUE,FALSE
2008/4/28 11:38:44,40.021883,116.317903,15.62253529,0.688599436,FALSE,TRUE,FALSE
2008/4/28 11:38:46,40.022024,116.317861,16.08221253,0.459677246,FALSE,TRUE,FALSE
2008/4/28 11:38:48,40.022172,116.317814,16.93755228,0.855339752,FALSE,TRUE,FALSE
2008/4/28 11:38:50,40.022321,116.317766,17.06581923,0.12826695,FALSE,TRUE,FALSE
2008/4/28 11:38:52,40.022473,116.317714,17.47309896,0.407279723,FALSE,TRUE,FALSE
2008/4/28 11:38:54,40.022625,116.317661,17.49487172,0.02177276,FALSE,TRUE,FALSE
2008/4/28 11:38:56,40.022779,116.317603,17.82310455,0.328232837,FALSE,TRUE,FALSE
2008/4/28 11:38:58,40.022935,116.317549,17.94661519,0.123510631,FALSE,TRUE,FALSE
2008/4/28 11:39:00,40.023094,116.3175,18.16678288,0.22016769,FALSE,TRUE,FALSE
2008/4/28 11:39:02,40.023254,116.31745,18.2946586,0.127875727,FALSE,TRUE,FALSE
2008/4/28 11:39:04,40.023412,116.317396,18.16167523,-0.132983376,FALSE,FALSE,TRUE
2008/4/28 11:39:06,40.023566,116.317341,17.75399133,-0.407683897,FALSE,FALSE,TRUE
2008/4/28 11:39:08,40.023719,116.317287,17.62434053,-0.129650801,FALSE,FALSE,TRUE
2008/4/28 11:39:10,40.023869,116.317234,17.28007024,-0.344270285,FALSE,FALSE,TRUE
2008/4/28 11:39:12,40.024028,116.317177,18.33523326,1.055163019,FALSE,FALSE,FALSE
2008/4/28 11:39:14,40.024185,116.317121,18.09823326,-0.236999998,FALSE,FALSE,FALSE
2008/4/28 11:39:16,40.024344,116.31706,18.42832677,0.330093508,FALSE,TRUE,FALSE
2008/4/28 11:39:18,40.024504,116.317,18.51135831,0.083031537,FALSE,TRUE,FALSE
2008/4/28 11:39:20,40.024658,116.316939,17.89554254,-0.61581577,FALSE,FALSE,TRUE
2008/4/28 11:39:22,40.024813,116.316883,17.88377326,-0.011769283,FALSE,FALSE,TRUE
2008/4/28 11:39:24,40.024965,116.316826,17.58578126,-0.297991994,FALSE,FALSE,TRUE
2008/4/28 11:39:26,40.025122,116.316765,18.21503232,0.629251062,FALSE,FALSE,FALSE
2008/4/28 11:39:28,40.02527,116.316699,17.39102015,-0.824012175,FALSE,FALSE,FALSE
2008/4/28 11:39:30,40.02542,116.316641,17.39610038,0.005080229,FALSE,TRUE,FALSE
2008/4/28 11:39:32,40.025575,116.316575,18.1294027,0.733302326,FALSE,TRUE,FALSE
2008/4/28 11:39:34,40.025734,116.316512,18.47702371,0.347621009,FALSE,TRUE,FALSE
2008/4/28 11:39:36,40.025892,116.316449,18.37063693,-0.10638678,FALSE,FALSE,TRUE
2008/4/28 11:39:38,40.026047,116.316382,18.15596858,-0.214668355,FALSE,FALSE,TRUE
2008/4/28 11:39:40,40.026211,116.316322,18.93925041,0.783281831,FALSE,FALSE,FALSE
2008/4/28 11:39:42,40.026372,116.316258,18.71456326,-0.224687146,FALSE,FALSE,TRUE
2008/4/28 11:39:44,40.026527,116.316201,17.90663454,-0.807928726,FALSE,FALSE,TRUE
2008/4/28 11:39:46,40.026681,116.316145,17.77658732,-0.130047219,FALSE,FALSE,TRUE
2008/4/28 11:39:48,40.026832,116.316085,17.55154194,-0.225045381,FALSE,FALSE,TRUE
2008/4/28 11:39:50,40.026985,116.316021,17.86536759,0.31382565,FALSE,FALSE,FALSE
2008/4/28 11:39:52,40.027138,116.315961,17.76442568,-0.100941908,FALSE,FALSE,FALSE
2008/4/28 11:39:54,40.027292,116.315898,17.94565558,0.181229901,FALSE,TRUE,FALSE
2008/4/28 11:39:56,40.027451,116.31583,18.60505845,0.659402866,FALSE,TRUE,FALSE
2008/4/28 11:39:58,40.027605,116.315766,17.97128631,-0.63377214,FALSE,FALSE,TRUE
2008/4/28 11:40:00,40.027757,116.3157,17.81247554,-0.158810767,FALSE,FALSE,TRUE
2008/4/28 11:40:02,40.027916,116.31564,18.4044308,0.591955258,FALSE,FALSE,FALSE
2008/4/28 11:40:04,40.028071,116.315578,18.02666395,-0.377766843,FALSE,FALSE,FALSE
2008/4/28 11:40:06,40.028226,116.315508,18.23779338,0.211129422,FALSE,TRUE,FALSE
2008/4/28 11:40:08,40.028383,116.315443,18.31499666,0.077203282,FALSE,TRUE,FALSE
2008/4/28 11:40:10,40.028537,116.315378,17.99726749,-0.317729164,FALSE,FALSE,TRUE
2008/4/28 11:40:12,40.028689,116.315323,17.53947038,-0.457797119,FALSE,FALSE,TRUE
2008/4/28 11:40:14,40.028841,116.315266,17.58570515,0.046234773,FALSE,TRUE,FALSE
2008/4/28 11:40:16,40.028997,116.315212,17.94651049,0.360805345,FALSE,TRUE,FALSE
2008/4/28 11:40:18,40.029145,116.31516,17.04307328,-0.903437216,FALSE,FALSE,FALSE
2008/4/28 11:40:20,40.029294,116.31511,17.10730375,0.064230467,FALSE,FALSE,FALSE
2008/4/28 11:40:22,40.02944,116.315058,16.82840054,-0.278903209,FALSE,FALSE,TRUE
2008/4/28 11:40:24,40.029577,116.315005,15.88900495,-0.939395583,FALSE,FALSE,TRUE
2008/4/28 11:40:26,40.02971,116.31495,15.51358606,-0.375418894,FALSE,FALSE,TRUE
2008/4/28 11:40:28,40.029838,116.3149,14.85689989,-0.656686166,FALSE,FALSE,TRUE
2008/4/28 11:40:30,40.029958,116.314845,14.14213392,-0.714765977,FALSE,FALSE,TRUE
2008/4/28 11:40:32,40.03007,116.314797,13.10806989,-1.034064023,FALSE,FALSE,TRUE
2008/4/28 11:40:34,40.030182,116.314752,13.0306809,-0.077388988,FALSE,FALSE,TRUE
2008/4/28 11:40:36,40.03029,116.314708,12.5805961,-0.450084801,FALSE,FALSE,TRUE
2008/4/28 11:40:38,40.030395,116.314666,12.211575,-0.369021104,FALSE,FALSE,TRUE
2008/4/28 11:40:40,40.030498,116.314629,11.87916444,-0.332410561,FALSE,FALSE,TRUE
2008/4/28 11:40:42,40.030598,116.314587,11.68107462,-0.19808982,FALSE,FALSE,TRUE
2008/4/28 11:40:44,40.030695,116.314541,11.47568202,-0.205392602,FALSE,FALSE,TRUE
2008/4/28 11:40:46,40.030787,116.314492,11.04860986,-0.427072153,FALSE,FALSE,TRUE
2008/4/28 11:40:48,40.030875,116.314442,10.67174228,-0.376867585,FALSE,FALSE,TRUE
2008/4/28 11:40:50,40.031033,116.314353,9.56723483,-0.552253724,FALSE,FALSE,TRUE
2008/4/28 11:40:52,40.031169,116.314267,8.401476367,-0.582879231,FALSE,FALSE,TRUE
2008/4/28 11:40:54,40.03128,116.31418,7.197816041,-0.601830163,FALSE,FALSE,TRUE
2008/4/28 11:40:56,40.031374,116.314099,6.261613327,-0.468101357,FALSE,FALSE,TRUE
2008/4/28 11:40:58,40.031443,116.314016,5.215799865,-0.522906731,FALSE,FALSE,TRUE
2008/4/28 11:41:00,40.031505,116.313959,4.215718766,-0.500040549,FALSE,FALSE,TRUE
2008/4/28 11:41:02,40.031571,116.31393,3.871780052,-0.171969357,FALSE,FALSE,TRUE
2008/4/28 11:41:04,40.031626,116.313927,3.060714983,-0.405532534,FALSE,FALSE,TRUE
2008/4/28 11:41:06,40.031674,116.313944,2.765234735,-0.147740124,FALSE,FALSE,TRUE
2008/4/28 11:41:08,40.031704,116.31396,1.801749901,-0.481742417,FALSE,FALSE,TRUE
2008/4/28 11:41:10,40.031723,116.31397,1.138974324,-0.331387788,FALSE,FALSE,TRUE
2008/4/28 11:41:12,40.03174,116.313969,0.946173431,-0.096400447,FALSE,FALSE,TRUE
2008/4/28 11:41:14,40.031755,116.313968,0.835099259,-0.055537086,FALSE,FALSE,TRUE
2008/4/28 11:41:16,40.03177,116.313964,0.851221237,0.008060989,FALSE,FALSE,FALSE
2008/4/28 11:41:18,40.031775,116.313953,0.544603941,-0.153308648,FALSE,FALSE,FALSE
2008/4/28 11:41:20,40.03178,116.313939,0.657668209,0.056532134,FALSE,FALSE,FALSE
2008/4/28 11:41:22,40.031785,116.313931,0.439640218,-0.109013995,TRUE,FALSE,TRUE
2008/4/28 11:41:24,40.031788,116.313926,0.270433859,-0.08460318,TRUE,FALSE,TRUE
2008/4/28 11:41:26,40.03179,116.313922,0.203384099,-0.03352488,TRUE,FALSE,TRUE
2008/4/28 11:41:28,40.031788,116.313926,0.203384099,0,TRUE,FALSE,FALSE
2008/4/28 11:41:30,40.031788,116.313929,0.12771876,-0.037832669,TRUE,FALSE,TRUE
2008/4/28 11:41:32,40.031791,116.31393,0.172149894,0.022215567,TRUE,FALSE,FALSE
2008/4/28 11:41:34,40.031792,116.31393,0.055600892,-0.058274501,TRUE,FALSE,TRUE
2008/4/28 11:41:36,40.031792,116.31393,0,-0.027800446,TRUE,FALSE,TRUE
2008/4/28 11:41:38,40.03179,116.313925,0.240160716,0.120080358,TRUE,FALSE,FALSE
2008/4/28 11:41:40,40.03179,116.31392,0.212864592,-0.013648062,TRUE,FALSE,TRUE
2008/4/28 11:41:42,40.031788,116.313917,0.169345557,-0.021759518,TRUE,FALSE,TRUE
2008/4/28 11:41:44,40.031787,116.313912,0.220006357,0.0253304,TRUE,TRUE,FALSE
2008/4/28 11:41:46,40.031787,116.313903,0.383156283,0.081574963,TRUE,TRUE,FALSE
2008/4/28 11:41:48,40.031792,116.313887,0.735713635,0.176278676,FALSE,TRUE,FALSE
2008/4/28 11:41:50,40.031828,116.313884,2.005702663,0.634994514,FALSE,TRUE,FALSE
2008/4/28 11:41:52,40.031957,116.31386,7.24492528,2.619611309,FALSE,TRUE,FALSE
2008/4/28 11:41:54,40.032048,116.313842,10.23476522,2.989839935,FALSE,TRUE,FALSE
2008/4/28 11:41:56,40.032213,116.313843,18.3484919,8.113726685,FALSE,TRUE,FALSE
2008/4/28 11:41:58,40.032355,116.313792,16.37685024,-1.971641657,FALSE,FALSE,TRUE
2008/4/28 11:42:00,40.03249,116.313745,15.5364705,-0.840379741,FALSE,FALSE,TRUE
2008/4/28 11:42:02,40.032689,116.313696,22.51901186,6.982541353,FALSE,TRUE,FALSE
2008/4/28 11:42:04,40.032921,116.313688,25.80780446,3.288792604,FALSE,TRUE,FALSE
2008/4/28 11:42:06,40.033083,116.313639,18.49149002,-7.316314442,FALSE,FALSE,FALSE
2008/4/28 11:42:08,40.033266,116.313609,20.50960931,2.018119289,FALSE,TRUE,FALSE
2008/4/28 11:42:10,40.033493,116.313565,25.51929047,5.009681166,FALSE,TRUE,FALSE
2008/4/28 11:42:12,40.033665,116.313485,20.30338116,-5.215909308,FALSE,FALSE,FALSE
2008/4/28 11:42:14,40.033842,116.313423,20.37832127,0.074940109,FALSE,FALSE,FALSE
2008/4/28 11:42:16,40.034009,116.313347,19.66578556,-0.712535715,FALSE,FALSE,TRUE
2008/4/28 11:42:18,40.034164,116.313266,18.56480679,-1.100978768,FALSE,FALSE,TRUE
2008/4/28 11:42:20,40.034321,116.313181,18.89924987,0.334443081,FALSE,TRUE,FALSE
2008/4/28 11:42:22,40.034488,116.3131,19.80992683,0.910676954,FALSE,TRUE,FALSE
2008/4/28 11:42:24,40.034649,116.31301,19.47443348,-0.335493348,FALSE,FALSE,TRUE
2008/4/28 11:42:26,40.034805,116.312907,19.43814937,-0.036284111,FALSE,FALSE,TRUE
2008/4/28 11:42:28,40.034959,116.312794,19.64262355,0.204474179,FALSE,FALSE,FALSE
2008/4/28 11:42:30,40.03511,116.312695,18.78835027,-0.854273278,FALSE,FALSE,FALSE
2008/4/28 11:42:32,40.035268,116.31257,20.5418547,1.75350443,FALSE,FALSE,FALSE
2008/4/28 11:42:34,40.035422,116.312455,19.72655503,-0.815299669,FALSE,FALSE,FALSE
2008/4/28 11:42:36,40.035573,116.312324,20.15822333,0.431668299,FALSE,TRUE,FALSE
2008/4/28 11:42:38,40.035732,116.312194,20.8597385,0.701515175,FALSE,TRUE,FALSE
2008/4/28 11:42:40,40.035885,116.312074,19.84582791,-1.013910594,FALSE,FALSE,TRUE
2008/4/28 11:42:42,40.036036,116.311955,19.61136145,-0.234466462,FALSE,FALSE,TRUE
2008/4/28 11:42:44,40.03618,116.311845,18.55073117,-1.060630271,FALSE,FALSE,TRUE
2008/4/28 11:42:46,40.036318,116.311739,17.80290001,-0.747831166,FALSE,FALSE,TRUE
2008/4/28 11:42:48,40.036458,116.311631,18.08095196,0.278051951,FALSE,TRUE,FALSE
2008/4/28 11:42:50,40.036601,116.311522,18.41173699,0.330785034,FALSE,TRUE,FALSE
2008/4/28 11:42:52,40.03674,116.311416,17.89881501,-0.512921986,FALSE,FALSE,TRUE
2008/4/28 11:42:54,40.036874,116.311309,17.46516157,-0.43365344,FALSE,FALSE,TRUE
2008/4/28 11:42:56,40.037007,116.311188,18.02408874,0.558927175,FALSE,FALSE,FALSE
2008/4/28 11:42:58,40.03713,116.311066,17.17475666,-0.849332077,FALSE,FALSE,FALSE
2008/4/28 11:43:00,40.037254,116.310922,18.45116326,1.276406595,FALSE,FALSE,FALSE
2008/4/28 11:43:02,40.037374,116.31078,18.00637691,-0.444786345,FALSE,FALSE,TRUE
2008/4/28 11:43:04,40.037488,116.310644,17.16906476,-0.837312159,FALSE,FALSE,TRUE
2008/4/28 11:43:06,40.037604,116.31049,18.39299476,1.223930007,FALSE,FALSE,FALSE
2008/4/28 11:43:08,40.037715,116.310344,17.51770252,-0.875292242,FALSE,FALSE,TRUE
2008/4/28 11:43:10,40.037822,116.310203,16.90221108,-0.61549144,FALSE,FALSE,TRUE
2008/4/28 11:43:12,40.037937,116.310041,18.80872996,1.906518876,FALSE,FALSE,FALSE
2008/4/28 11:43:14,40.03804,116.309903,16.40821489,-2.400515071,FALSE,FALSE,FALSE
2008/4/28 11:43:16,40.038161,116.30977,17.58597272,1.177757837,FALSE,TRUE,FALSE
2008/4/28 11:43:18,40.0383,116.309599,21.23374891,3.647776183,FALSE,TRUE,FALSE
2008/4/28 11:43:20,40.038428,116.309444,19.40992176,-1.823827148,FALSE,FALSE,TRUE
2008/4/28 11:43:22,40.038553,116.309297,18.70418772,-0.705734035,FALSE,FALSE,TRUE
2008/4/28 11:43:24,40.038676,116.309146,18.77105916,0.066871441,FALSE,FALSE,FALSE
2008/4/28 11:43:26,40.038802,116.309001,18.67394692,-0.097112247,FALSE,FALSE,FALSE
2008/4/28 11:43:28,40.038937,116.308842,20.21415003,1.540203118,FALSE,FALSE,FALSE
2008/4/28 11:43:30,40.039073,116.308696,19.57607842,-0.638071619,FALSE,FALSE,TRUE
2008/4/28 11:43:32,40.039211,116.308554,19.53583167,-0.040246742,FALSE,FALSE,TRUE
2008/4/28 11:43:34,40.039351,116.308416,19.50398731,-0.031844363,FALSE,FALSE,TRUE
2008/4/28 11:43:36,40.039493,116.308285,19.33212193,-0.171865381,FALSE,FALSE,TRUE
2008/4/28 11:43:38,40.039639,116.308171,18.9152655,-0.416856433,FALSE,FALSE,TRUE
2008/4/28 11:43:40,40.039782,116.308071,18.03746913,-0.877796368,FALSE,FALSE,TRUE
2008/4/28 11:43:41,40.039928,116.307968,18.45224263,0.414773501,FALSE,FALSE,FALSE
2008/4/28 11:43:43,40.040073,116.307869,18.19423074,-0.258011885,FALSE,FALSE,FALSE
2008/4/28 11:43:45,40.040217,116.307765,18.29788956,0.103658816,FALSE,FALSE,FALSE
2008/4/28 11:43:47,40.040363,116.307676,17.91651851,-0.381371052,FALSE,FALSE,FALSE
2008/4/28 11:43:49,40.04051,116.307589,17.94640052,0.02988201,FALSE,TRUE,FALSE
2008/4/28 11:43:51,40.040663,116.307503,18.52235574,0.575955221,FALSE,TRUE,FALSE
2008/4/28 11:43:53,40.040817,116.307418,18.59124363,0.068887896,FALSE,TRUE,FALSE
2008/4/28 11:43:55,40.04097,116.307335,18.42287994,-0.168363698,FALSE,FALSE,TRUE
2008/4/28 11:43:57,40.041122,116.307249,18.4202432,-0.002636741,FALSE,FALSE,TRUE
2008/4/28 11:43:59,40.041272,116.307162,18.25075419,-0.16948901,FALSE,FALSE,TRUE
2008/4/28 11:44:01,40.041423,116.307072,18.45698987,0.206235685,FALSE,FALSE,FALSE
2008/4/28 11:44:03,40.041572,116.306985,18.14916416,-0.307825714,FALSE,FALSE,TRUE
2008/4/28 11:44:05,40.041719,116.306897,17.98164889,-0.167515268,FALSE,FALSE,TRUE
2008/4/28 11:44:07,40.041873,116.306814,18.52559028,0.543941392,FALSE,TRUE,FALSE
2008/4/28 11:44:09,40.042033,116.306747,18.68422154,0.158631261,FALSE,TRUE,FALSE
2008/4/28 11:44:11,40.042192,116.306665,19.00930585,0.325084312,FALSE,TRUE,FALSE
2008/4/28 11:44:13,40.042355,116.306574,19.71205636,0.702750511,FALSE,TRUE,FALSE
2008/4/28 11:44:15,40.042528,116.306473,21.07200456,1.359948193,FALSE,TRUE,FALSE
2008/4/28 11:44:17,40.042694,116.306369,20.47296018,-0.59904438,FALSE,FALSE,TRUE
2008/4/28 11:44:19,40.042844,116.30627,18.68860275,-1.784357423,FALSE,FALSE,TRUE
2008/4/28 11:44:21,40.04299,116.306169,18.37175531,-0.316847449,FALSE,FALSE,TRUE
2008/4/28 11:44:23,40.043134,116.306064,18.33905027,-0.032705033,FALSE,FALSE,TRUE
2008/4/28 11:44:25,40.043279,116.305955,18.60370705,0.264656775,FALSE,TRUE,FALSE
2008/4/28 11:44:27,40.043426,116.305845,18.83895874,0.235251697,FALSE,TRUE,FALSE
2008/4/28 11:44:29,40.043574,116.305735,18.93551977,0.096561027,FALSE,TRUE,FALSE
2008/4/28 11:44:31,40.043712,116.305627,17.88931044,-1.046209333,FALSE,FALSE,FALSE
2008/4/28 11:44:33,40.043856,116.305514,18.6804256,0.791115159,FALSE,FALSE,FALSE
2008/4/28 11:44:35,40.043997,116.305399,18.48485493,-0.195570671,FALSE,FALSE,TRUE
2008/4/28 11:44:37,40.044134,116.305282,18.20168572,-0.283169211,FALSE,FALSE,TRUE
2008/4/28 11:44:39,40.044273,116.305164,18.43447827,0.232792556,FALSE,FALSE,FALSE
2008/4/28 11:44:41,40.044411,116.305045,18.38808896,-0.046389308,FALSE,FALSE,TRUE
2008/4/28 11:44:43,40.044549,116.304929,18.24862142,-0.139467542,FALSE,FALSE,TRUE
2008/4/28 11:44:45,40.044691,116.304813,18.62421865,0.37559723,FALSE,FALSE,FALSE
2008/4/28 11:44:47,40.044833,116.304701,18.44591552,-0.178303132,FALSE,FALSE,FALSE
2008/4/28 11:44:49,40.044977,116.304592,18.50729312,0.061377605,FALSE,TRUE,FALSE
2008/4/28 11:44:51,40.045122,116.304475,18.95246229,0.445169166,FALSE,TRUE,FALSE
2008/4/28 11:44:53,40.045268,116.304358,19.04714839,0.094686102,FALSE,TRUE,FALSE
2008/4/28 11:44:55,40.045414,116.304242,19.00276037,-0.044388023,FALSE,FALSE,TRUE
2008/4/28 11:44:57,40.045555,116.304129,18.39513233,-0.607628035,FALSE,FALSE,TRUE
2008/4/28 11:44:59,40.0457,116.304015,18.81945968,0.424327343,FALSE,TRUE,FALSE
2008/4/28 11:45:01,40.045848,116.3039,19.14943223,0.329972553,FALSE,TRUE,FALSE
2008/4/28 11:45:03,40.045995,116.303784,19.09781221,-0.051620022,FALSE,FALSE,TRUE
2008/4/28 11:45:05,40.04614,116.303671,18.77567118,-0.322141031,FALSE,FALSE,TRUE
2008/4/28 11:45:07,40.046285,116.303563,18.56119012,-0.214481057,FALSE,FALSE,TRUE
2008/4/28 11:45:09,40.04643,116.303457,18.47744096,-0.083749159,FALSE,FALSE,TRUE
2008/4/28 11:45:11,40.046575,116.303352,18.43600899,-0.041431975,FALSE,FALSE,TRUE
2008/4/28 11:45:13,40.046715,116.30324,18.25575103,-0.180257959,FALSE,FALSE,TRUE
2008/4/28 11:45:15,40.046856,116.303127,18.39503633,0.139285307,FALSE,TRUE,FALSE
2008/4/28 11:45:17,40.046998,116.303014,18.4899029,0.094866569,FALSE,TRUE,FALSE
2008/4/28 11:45:19,40.047147,116.302899,19.24499305,0.755090142,FALSE,TRUE,FALSE
2008/4/28 11:45:21,40.047286,116.302787,18.16097059,-1.084022451,FALSE,FALSE,TRUE
2008/4/28 11:45:23,40.04742,116.302671,17.87595967,-0.285010921,FALSE,FALSE,TRUE
2008/4/28 11:45:25,40.047558,116.302555,18.24838556,0.372425887,FALSE,TRUE,FALSE
2008/4/28 11:45:27,40.047701,116.302439,18.71836462,0.469979064,FALSE,TRUE,FALSE
2008/4/28 11:45:29,40.04784,116.302325,18.25088369,-0.467480932,FALSE,FALSE,FALSE
2008/4/28 11:45:31,40.047984,116.302211,18.72410274,0.473219052,FALSE,FALSE,FALSE
2008/4/28 11:45:33,40.048124,116.3021,18.21133577,-0.512766975,FALSE,FALSE,TRUE
2008/4/28 11:45:35,40.048254,116.301995,16.99627599,-1.215059775,FALSE,FALSE,TRUE
2008/4/28 11:45:37,40.048379,116.301899,16.12445659,-0.871819408,FALSE,FALSE,TRUE
2008/4/28 11:45:39,40.048503,116.301811,15.69242646,-0.432030126,FALSE,FALSE,TRUE
2008/4/28 11:45:41,40.048627,116.301732,15.34147759,-0.350948873,FALSE,FALSE,TRUE
2008/4/28 11:45:43,40.048748,116.301671,14.42260048,-0.918877106,FALSE,FALSE,TRUE
2008/4/28 11:45:45,40.048868,116.301612,14.25805231,-0.16454817,FALSE,FALSE,TRUE
2008/4/28 11:45:47,40.048981,116.30155,13.62914707,-0.628905245,FALSE,FALSE,TRUE
2008/4/28 11:45:49,40.049091,116.301487,13.35614399,-0.273003077,FALSE,FALSE,TRUE
2008/4/28 11:45:51,40.049198,116.301422,13.12216974,-0.23397425,FALSE,FALSE,TRUE
2008/4/28 11:45:53,40.049305,116.301373,12.60850324,-0.513666501,FALSE,FALSE,TRUE
2008/4/28 11:45:55,40.049389,116.30133,10.03251453,-2.575988712,FALSE,FALSE,TRUE
2008/4/28 11:45:57,40.049474,116.301281,10.33155204,0.299037517,FALSE,FALSE,FALSE
2008/4/28 11:45:59,40.04956,116.301243,10.09559395,-0.235958092,FALSE,FALSE,TRUE
2008/4/28 11:46:01,40.049722,116.301186,9.328334971,-0.383629491,FALSE,FALSE,TRUE
2008/4/28 11:46:03,40.049858,116.301132,7.903287508,-0.712523731,FALSE,FALSE,TRUE
2008/4/28 11:46:05,40.049992,116.301051,8.209471593,0.153092042,FALSE,FALSE,FALSE
2008/4/28 11:46:07,40.050105,116.300969,7.187158944,-0.511156325,FALSE,FALSE,TRUE
2008/4/28 11:46:09,40.050203,116.300894,6.315056141,-0.436051401,FALSE,FALSE,TRUE
2008/4/28 11:46:11,40.050271,116.300812,5.145410699,-0.584822721,FALSE,FALSE,TRUE
2008/4/28 11:46:13,40.050321,116.300751,3.803830577,-0.670790061,FALSE,FALSE,TRUE
2008/4/28 11:46:15,40.050344,116.300717,1.931175484,-0.936327547,FALSE,FALSE,TRUE
2008/4/28 11:46:17,40.050362,116.300687,1.622329456,-0.154423014,FALSE,FALSE,TRUE
2008/4/28 11:46:19,40.050375,116.300681,0.766595967,-0.427866745,FALSE,FALSE,TRUE
2008/4/28 11:46:21,40.050382,116.300694,0.676475538,-0.045060214,FALSE,FALSE,TRUE
2008/4/28 11:46:23,40.050381,116.300712,0.768118612,0.045821537,TRUE,FALSE,FALSE
2008/4/28 11:46:25,40.050385,116.30072,0.406690443,-0.180714084,TRUE,FALSE,FALSE
2008/4/28 11:46:27,40.050391,116.300733,0.646088307,0.119698932,FALSE,FALSE,FALSE
2008/4/28 11:46:29,40.050389,116.300744,0.481199623,-0.082444342,FALSE,FALSE,FALSE
2008/4/28 11:46:31,40.050379,116.30075,0.611848562,0.065324469,TRUE,FALSE,FALSE
2008/4/28 11:46:33,40.050373,116.300754,0.37453435,-0.118657106,TRUE,FALSE,TRUE
2008/4/28 11:46:35,40.05037,116.300758,0.238341321,-0.068096514,TRUE,FALSE,TRUE
2008/4/28 11:46:37,40.050363,116.300768,0.5767392,0.16919894,FALSE,TRUE,FALSE
2008/4/28 11:46:39,40.050348,116.300782,1.025000379,0.224130589,FALSE,TRUE,FALSE
2008/4/28 11:46:41,40.050332,116.300797,1.094985721,0.034992671,TRUE,TRUE,FALSE
2008/4/28 11:46:43,40.050331,116.3008,0.139264749,-0.477860486,TRUE,FALSE,TRUE
2008/4/28 11:46:45,40.050331,116.3008,0,-0.069632375,TRUE,FALSE,TRUE
2008/4/28 11:46:47,40.050334,116.300796,0.23834139,0.119170695,TRUE,TRUE,FALSE
2008/4/28 11:46:49,40.050342,116.300791,0.493092362,0.127375486,TRUE,TRUE,FALSE
2008/4/28 11:46:51,40.050345,116.300792,0.17214703,-0.160472666,TRUE,FALSE,TRUE
2008/4/28 11:46:53,40.050347,116.300793,0.119068484,-0.026539273,TRUE,FALSE,TRUE
2008/4/28 11:46:55,40.050358,116.300792,0.613088923,0.247010219,FALSE,TRUE,FALSE
2008/4/28 11:46:57,40.050375,116.30079,0.949040341,0.167975709,FALSE,TRUE,FALSE
2008/4/28 11:46:59,40.050397,116.300787,1.229865614,0.140412637,FALSE,TRUE,FALSE
2008/4/28 11:47:01,40.050444,116.300791,2.618781539,0.694457962,FALSE,TRUE,FALSE
2008/4/28 11:47:03,40.050496,116.300795,2.896254306,0.138736383,FALSE,TRUE,FALSE
2008/4/28 11:47:05,40.050592,116.300803,5.348534479,1.226140086,FALSE,TRUE,FALSE
2008/4/28 11:47:07,40.05069,116.300796,10.91405243,5.565517955,FALSE,TRUE,FALSE
2008/4/28 11:47:09,40.050875,116.300758,10.41253647,-0.250757984,FALSE,FALSE,FALSE
2008/4/28 11:47:11,40.05101,116.300694,15.97015757,5.557621101,FALSE,FALSE,FALSE
2008/4/28 11:47:13,40.051139,116.300655,14.7241509,-1.24600667,FALSE,FALSE,TRUE
2008/4/28 11:47:15,40.051257,116.300589,14.27389663,-0.450254263,FALSE,FALSE,TRUE
2008/4/28 11:47:17,40.051406,116.300524,17.46845302,3.194556383,FALSE,TRUE,FALSE
2008/4/28 11:47:19,40.051554,116.300452,17.56196517,0.093512153,FALSE,TRUE,FALSE
2008/4/28 11:47:21,40.051701,116.300383,17.36979128,-0.192173891,FALSE,FALSE,FALSE
2008/4/28 11:47:23,40.051872,116.300317,19.82803826,2.458246985,FALSE,FALSE,FALSE
2008/4/28 11:47:25,40.052031,116.30025,18.57810244,-1.249935826,FALSE,FALSE,FALSE
2008/4/28 11:47:27,40.052193,116.300175,19.11242836,0.534325925,FALSE,TRUE,FALSE
2008/4/28 11:47:29,40.052366,116.30009,20.55348043,1.441052071,FALSE,TRUE,FALSE
2008/4/28 11:47:31,40.052533,116.299998,20.15430641,-0.399174025,FALSE,FALSE,TRUE
2008/4/28 11:47:33,40.052696,116.299914,19.48515747,-0.669148939,FALSE,FALSE,TRUE
2008/4/28 11:47:35,40.052859,116.299833,19.39290252,-0.092254953,FALSE,FALSE,TRUE
2008/4/28 11:47:37,40.053024,116.29974,19.9831091,0.590206587,FALSE,FALSE,FALSE
2008/4/28 11:47:39,40.053186,116.299644,19.78134318,-0.201765929,FALSE,FALSE,TRUE
2008/4/28 11:47:41,40.053348,116.299554,19.5758914,-0.205451774,FALSE,FALSE,TRUE
2008/4/28 11:47:43,40.053514,116.299461,20.08523939,0.509347987,FALSE,TRUE,FALSE
2008/4/28 11:47:45,40.053686,116.299362,20.90073901,0.815499617,FALSE,TRUE,FALSE
2008/4/28 11:47:47,40.053855,116.299263,20.59588028,-0.304858721,FALSE,FALSE,TRUE
2008/4/28 11:47:49,40.054023,116.299173,20.1915508,-0.404329486,FALSE,FALSE,TRUE
2008/4/28 11:47:51,40.054198,116.299078,21.07345464,0.881903839,FALSE,FALSE,FALSE
2008/4/28 11:47:53,40.054366,116.298968,20.89684808,-0.176606556,FALSE,FALSE,TRUE
2008/4/28 11:47:55,40.05453,116.298865,20.23496261,-0.661885473,FALSE,FALSE,TRUE
2008/4/28 11:47:57,40.054698,116.298744,21.33276475,1.097802141,FALSE,FALSE,FALSE
2008/4/28 11:47:59,40.05486,116.298649,19.74625222,-1.586512528,FALSE,FALSE,TRUE
2008/4/28 11:48:01,40.055021,116.298556,19.57539073,-0.170861487,FALSE,FALSE,TRUE
2008/4/28 11:48:03,40.055178,116.29847,18.93115101,-0.64423972,FALSE,FALSE,TRUE
2008/4/28 11:48:05,40.055329,116.298389,18.15176965,-0.779381368,FALSE,FALSE,TRUE
2008/4/28 11:48:07,40.055482,116.2983,18.62412082,0.47235117,FALSE,TRUE,FALSE
2008/4/28 11:48:09,40.055639,116.298206,19.20469234,0.580571527,FALSE,TRUE,FALSE
2008/4/28 11:48:11,40.055804,116.298107,20.19072711,0.986034767,FALSE,TRUE,FALSE
2008/4/28 11:48:13,40.055973,116.298006,20.66600462,0.475277514,FALSE,TRUE,FALSE
2008/4/28 11:48:15,40.05614,116.297907,20.39303015,-0.272974474,FALSE,FALSE,FALSE
2008/4/28 11:48:17,40.056309,116.297808,20.59575614,0.202725989,FALSE,FALSE,FALSE
2008/4/28 11:48:19,40.056473,116.297706,20.19812342,-0.397632724,FALSE,FALSE,TRUE
2008/4/28 11:48:21,40.056634,116.297607,19.78733626,-0.410787154,FALSE,FALSE,TRUE
2008/4/28 11:48:23,40.05679,116.297507,19.3230472,-0.464289058,FALSE,FALSE,TRUE
2008/4/28 11:48:25,40.056944,116.297413,18.90186308,-0.421184127,FALSE,FALSE,TRUE
2008/4/28 11:48:27,40.057098,116.297322,18.79519803,-0.106665043,FALSE,FALSE,TRUE
2008/4/28 11:48:29,40.057255,116.297233,19.03125143,0.236053399,FALSE,FALSE,FALSE
2008/4/28 11:48:31,40.05741,116.297144,18.82742644,-0.203824995,FALSE,FALSE,TRUE
2008/4/28 11:48:33,40.057563,116.297056,18.58957023,-0.237856204,FALSE,FALSE,TRUE
2008/4/28 11:48:35,40.05772,116.296971,18.89829895,0.308728713,FALSE,FALSE,FALSE
2008/4/28 11:48:37,40.057875,116.296888,18.62780453,-0.270494412,FALSE,FALSE,FALSE
2008/4/28 11:48:39,40.058035,116.296804,19.17500597,0.547201432,FALSE,TRUE,FALSE
2008/4/28 11:48:41,40.0582,116.296716,19.81815116,0.643145196,FALSE,TRUE,FALSE
2008/4/28 11:48:43,40.058361,116.29663,19.3419963,-0.476154865,FALSE,FALSE,FALSE
2008/4/28 11:48:45,40.058524,116.296545,19.5163234,0.174327104,FALSE,FALSE,FALSE
2008/4/28 11:48:47,40.058685,116.296457,19.40704157,-0.109281832,FALSE,FALSE,TRUE
2008/4/28 11:48:49,40.05884,116.29637,18.7595219,-0.647519665,FALSE,FALSE,TRUE
2008/4/28 11:48:51,40.058993,116.296279,18.69384443,-0.06567747,FALSE,FALSE,TRUE
2008/4/28 11:48:53,40.059144,116.296187,18.52746011,-0.166384329,FALSE,FALSE,TRUE
2008/4/28 11:48:55,40.059296,116.296096,18.59267881,0.0652187,FALSE,TRUE,FALSE
2008/4/28 11:48:57,40.059458,116.296006,19.57562263,0.982943825,FALSE,TRUE,FALSE
2008/4/28 11:48:59,40.059611,116.295919,18.55535136,-1.020271268,FALSE,FALSE,TRUE
2008/4/28 11:49:01,40.059762,116.295833,18.31745613,-0.237895231,FALSE,FALSE,TRUE
2008/4/28 11:49:03,40.059909,116.295753,17.70802112,-0.609435014,FALSE,FALSE,TRUE
2008/4/28 11:49:05,40.060057,116.295675,17.74634289,0.038321775,FALSE,TRUE,FALSE
2008/4/28 11:49:07,40.060214,116.29559,18.89819758,1.151854687,FALSE,TRUE,FALSE
2008/4/28 11:49:09,40.060369,116.295504,18.72602552,-0.172172056,FALSE,FALSE,TRUE
2008/4/28 11:49:11,40.060519,116.295419,18.18150749,-0.544518032,FALSE,FALSE,TRUE
2008/4/28 11:49:13,40.060676,116.295321,19.34874409,1.1672366,FALSE,FALSE,FALSE
2008/4/28 11:49:15,40.060825,116.295229,18.32605383,-1.022690264,FALSE,FALSE,TRUE
2008/4/28 11:49:17,40.060967,116.295121,18.27113513,-0.054918697,FALSE,FALSE,TRUE
2008/4/28 11:49:19,40.061105,116.295009,18.06539949,-0.20573564,FALSE,FALSE,TRUE
2008/4/28 11:49:21,40.061239,116.294891,17.96942925,-0.095970237,FALSE,FALSE,TRUE
2008/4/28 11:49:23,40.061379,116.294766,18.85605142,0.886622169,FALSE,FALSE,FALSE
2008/4/28 11:49:25,40.061515,116.294641,18.49049305,-0.365558378,FALSE,FALSE,TRUE
2008/4/28 11:49:27,40.061647,116.29451,18.43278861,-0.057704441,FALSE,FALSE,TRUE
2008/4/28 11:49:29,40.061779,116.29438,18.38142196,-0.051366645,FALSE,FALSE,TRUE
2008/4/28 11:49:31,40.061912,116.294256,18.16904418,-0.212377781,FALSE,FALSE,TRUE
2008/4/28 11:49:33,40.062041,116.294134,17.70848922,-0.460554956,FALSE,FALSE,TRUE
2008/4/28 11:49:35,40.062164,116.294013,17.12112461,-0.587364612,FALSE,FALSE,TRUE
2008/4/28 11:49:37,40.062283,116.293894,16.663901,-0.457223607,FALSE,FALSE,TRUE
2008/4/28 11:49:39,40.062401,116.29378,16.31919333,-0.34470767,FALSE,FALSE,TRUE
2008/4/28 11:49:41,40.062518,116.293669,16.07857432,-0.240619018,FALSE,FALSE,TRUE
2008/4/28 11:49:43,40.062634,116.293561,15.83919757,-0.239376747,FALSE,FALSE,TRUE
2008/4/28 11:49:45,40.062749,116.293456,15.60112022,-0.238077347,FALSE,FALSE,TRUE
2008/4/28 11:49:47,40.062861,116.293354,15.18141996,-0.419700262,FALSE,FALSE,TRUE
2008/4/28 11:49:49,40.062973,116.293253,15.1329077,-0.048512258,FALSE,FALSE,TRUE
2008/4/28 11:49:51,40.063083,116.293154,14.85317994,-0.27972776,FALSE,FALSE,TRUE
2008/4/28 11:49:53,40.063187,116.293056,14.25875509,-0.594424856,FALSE,FALSE,TRUE
2008/4/28 11:49:55,40.063289,116.292959,14.02871169,-0.230043396,FALSE,FALSE,TRUE
2008/4/28 11:49:57,40.06339,116.292864,13.83881971,-0.189891976,FALSE,FALSE,TRUE
2008/4/28 11:49:59,40.063494,116.292768,14.15984297,0.32102326,FALSE,FALSE,FALSE
2008/4/28 11:50:01,40.063597,116.292671,14.11875111,-0.041091862,FALSE,FALSE,FALSE
2008/4/28 11:50:03,40.070333,116.303491,16.95709622,0.040547787,FALSE,TRUE,FALSE
2008/4/28 11:50:05,40.0704,116.303783,25.94145372,8.984357499,FALSE,TRUE,FALSE
2008/4/28 11:50:07,40.070301,116.303943,17.5095092,-8.43194452,FALSE,FALSE,FALSE
2008/4/28 11:50:09,40.070202,116.304122,18.79432973,1.284820525,FALSE,TRUE,FALSE
2008/4/28 11:50:11,40.070132,116.304339,20.03983161,1.245501884,FALSE,TRUE,FALSE
2008/4/28 11:50:13,40.070052,116.304539,19.20437862,-0.835452997,FALSE,FALSE,TRUE
2008/4/28 11:50:15,40.069971,116.30472,17.84312665,-1.361251962,FALSE,FALSE,TRUE
2008/4/28 11:50:17,40.069889,116.3049,17.82636005,-0.016766603,FALSE,FALSE,TRUE
2008/4/28 11:50:19,40.069805,116.305076,17.65142855,-0.174931501,FALSE,FALSE,TRUE
2008/4/28 11:50:20,40.069742,116.305266,17.62120145,-0.030227102,FALSE,FALSE,TRUE
2008/4/28 11:50:22,40.06968,116.305453,17.34275267,-0.278448778,FALSE,FALSE,TRUE
2008/4/28 11:50:24,40.06963,116.305639,16.77649023,-0.566262443,FALSE,FALSE,TRUE
2008/4/28 11:50:26,40.069584,116.305825,16.63437694,-0.142113286,FALSE,FALSE,TRUE
2008/4/28 11:50:28,40.069567,116.306019,16.61702004,-0.017356899,FALSE,FALSE,TRUE
2008/4/28 11:50:30,40.069549,116.306217,16.96801155,0.350991511,FALSE,TRUE,FALSE
2008/4/28 11:50:32,40.069537,116.306421,17.41134344,0.443331884,FALSE,TRUE,FALSE
2008/4/28 11:50:34,40.069525,116.306627,17.58104814,0.169704708,FALSE,TRUE,FALSE
2008/4/28 11:50:36,40.069519,116.306839,18.05326112,0.472212975,FALSE,TRUE,FALSE
2008/4/28 11:50:38,40.069516,116.307049,17.87384486,-0.179416264,FALSE,FALSE,TRUE
2008/4/28 11:50:40,40.069514,116.307252,17.27647248,-0.597372377,FALSE,FALSE,TRUE
2008/4/28 11:50:42,40.069515,116.307452,17.02010812,-0.256364357,FALSE,FALSE,TRUE
2008/4/28 11:50:44,40.069519,116.307652,17.0255557,0.005447579,FALSE,FALSE,FALSE
2008/4/28 11:50:46,40.069526,116.307847,16.61249635,-0.413059349,FALSE,FALSE,FALSE
2008/4/28 11:50:48,40.069539,116.308044,16.82665794,0.214161583,FALSE,FALSE,FALSE
2008/4/28 11:50:50,40.069553,116.30824,16.75184054,-0.074817392,FALSE,FALSE,TRUE
2008/4/28 11:50:52,40.069564,116.308436,16.72413291,-0.027707634,FALSE,FALSE,TRUE
2008/4/28 11:50:54,40.069577,116.30863,16.57231108,-0.151821825,FALSE,FALSE,TRUE
2008/4/28 11:50:56,40.069589,116.308824,16.56297826,-0.009332828,FALSE,FALSE,TRUE
2008/4/28 11:50:58,40.069594,116.30902,16.68859586,0.125617606,FALSE,TRUE,FALSE
2008/4/28 11:51:00,40.069604,116.309218,16.88618154,0.197585674,FALSE,TRUE,FALSE
2008/4/28 11:51:02,40.069611,116.309414,16.69748128,-0.188700254,FALSE,FALSE,TRUE
2008/4/28 11:51:04,40.069617,116.309608,16.52260543,-0.174875849,FALSE,FALSE,TRUE
2008/4/28 11:51:06,40.069618,116.309805,16.76479213,0.242186701,FALSE,TRUE,FALSE
2008/4/28 11:51:08,40.069617,116.310002,16.76479214,2.17E-09,FALSE,TRUE,FALSE
2008/4/28 11:51:10,40.069624,116.310191,16.10245956,-0.662332576,FALSE,FALSE,TRUE
2008/4/28 11:51:12,40.069631,116.310378,15.93246185,-0.169997709,FALSE,FALSE,TRUE
2008/4/28 11:51:14,40.069635,116.310564,15.83458391,-0.097877937,FALSE,FALSE,TRUE
2008/4/28 11:51:16,40.069645,116.310743,15.27317956,-0.56140435,FALSE,FALSE,TRUE
2008/4/28 11:51:18,40.069629,116.310936,16.52011581,1.246936249,FALSE,FALSE,FALSE
2008/4/28 11:51:20,40.06962,116.31112,15.69009179,-0.830024027,FALSE,FALSE,TRUE
2008/4/28 11:51:22,40.069622,116.311281,13.70267818,-1.987413606,FALSE,FALSE,TRUE
2008/4/28 11:51:24,40.069626,116.311439,13.45293237,-0.24974581,FALSE,FALSE,TRUE
2008/4/28 11:51:26,40.069624,116.311593,13.10706931,-0.345863063,FALSE,FALSE,TRUE
2008/4/28 11:51:28,40.069618,116.311745,12.95218242,-0.15488689,FALSE,FALSE,TRUE
2008/4/28 11:51:30,40.069623,116.311887,12.09678481,-0.855397601,FALSE,FALSE,TRUE
2008/4/28 11:51:32,40.069622,116.31202,11.31865865,-0.778126164,FALSE,FALSE,TRUE
2008/4/28 11:51:34,40.069616,116.312144,10.57329824,-0.745360415,FALSE,FALSE,TRUE
2008/4/28 11:51:36,40.069613,116.312267,10.47244266,-0.10085558,FALSE,FALSE,TRUE
2008/4/28 11:51:38,40.069621,116.312519,10.7316453,0.129601325,FALSE,FALSE,FALSE
2008/4/28 11:51:40,40.069625,116.312739,9.363486418,-0.684079444,FALSE,FALSE,TRUE
2008/4/28 11:51:42,40.069617,116.312925,7.926659073,-0.718413672,FALSE,FALSE,TRUE
2008/4/28 11:51:44,40.06962,116.313086,6.852467297,-0.537095888,FALSE,FALSE,TRUE
2008/4/28 11:51:46,40.069628,116.313196,4.701511074,-1.075478112,FALSE,FALSE,TRUE
2008/4/28 11:51:48,40.069644,116.313281,3.72449396,-0.488508557,FALSE,FALSE,TRUE
2008/4/28 11:51:50,40.06963,116.313373,3.991178346,0.133342193,FALSE,FALSE,FALSE
2008/4/28 11:51:52,40.069611,116.313437,2.920888491,-0.535144928,FALSE,FALSE,TRUE
2008/4/28 11:51:54,40.069586,116.313451,1.512286007,-0.704301242,FALSE,FALSE,TRUE
2008/4/28 11:51:56,40.069558,116.313487,2.184042337,0.335878165,FALSE,FALSE,FALSE
2008/4/28 11:51:58,40.069543,116.313504,1.10399153,-0.540025403,TRUE,FALSE,TRUE
2008/4/28 11:52:00,40.069543,116.313508,0.170197378,-0.466897076,TRUE,FALSE,TRUE
2008/4/28 11:52:02,40.069545,116.313513,0.24005625,0.034929436,TRUE,TRUE,FALSE
2008/4/28 11:52:04,40.069542,116.313519,0.304957723,0.032450737,TRUE,TRUE,FALSE
2008/4/28 11:52:06,40.069537,116.313523,0.325965688,0.010503982,TRUE,TRUE,FALSE
2008/4/28 11:52:08,40.069536,116.313537,0.598280102,0.136157207,FALSE,TRUE,FALSE
2008/4/28 11:52:10,40.069536,116.313555,0.765888276,0.083804087,FALSE,TRUE,FALSE
2008/4/28 11:52:12,40.069534,116.313567,0.522561216,-0.12166353,TRUE,FALSE,TRUE
2008/4/28 11:52:14,40.06953,116.313571,0.280054465,-0.121253375,TRUE,FALSE,TRUE
2008/4/28 11:52:16,40.069525,116.313571,0.27800446,-0.001025002,TRUE,FALSE,TRUE
2008/4/28 11:52:18,40.069522,116.313567,0.238307147,-0.019848657,TRUE,FALSE,TRUE
2008/4/28 11:52:20,40.069531,116.313562,0.543754893,0.152723873,FALSE,TRUE,FALSE
2008/4/28 11:52:22,40.069541,116.313554,0.651931385,0.054088246,TRUE,TRUE,FALSE
2008/4/28 11:52:24,40.069546,116.31355,0.325965683,-0.162982851,TRUE,FALSE,TRUE
2008/4/28 11:52:26,40.06955,116.313548,0.238128395,-0.043918644,TRUE,FALSE,TRUE
2008/4/28 11:52:28,40.069553,116.313545,0.210040826,-0.014043784,TRUE,FALSE,TRUE
2008/4/28 11:52:30,40.069555,116.313546,0.119064197,-0.045488315,TRUE,FALSE,TRUE
2008/4/28 11:52:32,40.069558,116.313547,0.172144064,0.026539934,TRUE,FALSE,FALSE
2008/4/28 11:52:34,40.06956,116.313548,0.119064195,-0.026539934,TRUE,FALSE,FALSE
2008/4/28 11:52:36,40.069565,116.313551,0.305909285,0.093422545,TRUE,TRUE,FALSE
2008/4/28 11:52:38,40.069573,116.313559,0.560108818,0.127099767,FALSE,TRUE,FALSE
2008/4/28 11:52:40,40.06958,116.313568,0.546010566,-0.007049126,FALSE,FALSE,FALSE
2008/4/28 11:52:42,40.069587,116.313578,0.576650635,0.015320035,FALSE,FALSE,FALSE
2008/4/28 11:52:44,40.069592,116.313588,0.508262632,-0.034194002,TRUE,FALSE,TRUE
2008/4/28 11:52:46,40.069595,116.313597,0.417694981,-0.045283825,TRUE,FALSE,TRUE
2008/4/28 11:52:48,40.069603,116.313605,0.560108728,0.071206873,FALSE,TRUE,FALSE
2008/4/28 11:52:50,40.069662,116.313488,5.961921603,2.700906438,FALSE,TRUE,FALSE
2008/4/28 11:52:52,40.0697,116.313419,3.61712163,-1.172399987,FALSE,FALSE,TRUE
2008/4/28 11:52:54,40.069723,116.313397,1.584813484,-1.016154073,FALSE,FALSE,TRUE
2008/4/28 11:52:56,40.069818,116.31336,5.511706099,1.963446308,FALSE,FALSE,FALSE
2008/4/28 11:52:58,40.069888,116.313336,4.023798929,-0.743953585,FALSE,FALSE,TRUE
2008/4/28 11:53:00,40.069942,116.313328,3.021682033,-0.501058448,FALSE,FALSE,TRUE
2008/4/28 11:53:02,40.069962,116.313346,1.350244926,-0.835718553,FALSE,FALSE,TRUE
2008/4/28 11:53:04,40.069958,116.313383,1.589947966,0.11985152,FALSE,TRUE,FALSE
2008/4/28 11:53:06,40.06997,116.313417,1.593116644,0.001584339,FALSE,TRUE,FALSE
2008/4/28 11:53:08,40.069985,116.31344,1.285804185,-0.15365623,FALSE,FALSE,FALSE
2008/4/28 11:53:10,40.069993,116.31348,1.759127676,0.236661745,FALSE,TRUE,FALSE
2008/4/28 11:53:12,40.069961,116.313521,2.491781758,0.366327041,FALSE,TRUE,FALSE
2008/4/28 11:53:14,40.06995,116.313556,1.609918293,-0.440931733,FALSE,FALSE,FALSE
2008/4/28 11:53:16,40.069939,116.313592,1.649356791,0.019719249,FALSE,TRUE,FALSE
2008/4/28 11:53:18,40.06994,116.313638,1.958048027,0.154345618,FALSE,TRUE,FALSE
2008/4/28 11:53:20,40.069935,116.313671,1.431376996,-0.263335516,FALSE,FALSE,TRUE
2008/4/28 11:53:22,40.069935,116.313704,1.404120281,-0.013628357,FALSE,FALSE,TRUE
2008/4/28 11:53:24,40.06993,116.313738,1.473139142,0.034509431,FALSE,FALSE,FALSE
2008/4/28 11:53:26,40.06992,116.313769,1.431420863,-0.02085914,FALSE,FALSE,TRUE
2008/4/28 11:53:28,40.069917,116.313795,1.118781305,-0.156319779,FALSE,FALSE,TRUE
2008/4/28 11:53:30,40.069926,116.313836,1.814865085,0.34804189,FALSE,FALSE,FALSE
2008/4/28 11:53:32,40.069942,116.31387,1.698312666,-0.05827621,FALSE,FALSE,TRUE
2008/4/28 11:53:34,40.069953,116.313901,1.453920624,-0.122196021,FALSE,FALSE,TRUE
2008/4/28 11:53:36,40.069972,116.313933,1.723337272,0.134708324,FALSE,TRUE,FALSE
2008/4/28 11:53:38,40.06999,116.313967,1.759114053,0.017888391,FALSE,TRUE,FALSE
2008/4/28 11:53:40,40.069999,116.314006,1.733222755,-0.012945649,FALSE,FALSE,TRUE
2008/4/28 11:53:42,40.070007,116.314043,1.635946652,-0.048638052,FALSE,FALSE,TRUE
2008/4/28 11:53:44,40.070013,116.314084,1.776122661,0.070088004,FALSE,FALSE,FALSE
2008/4/28 11:53:46,40.070011,116.31412,1.535797008,-0.120162826,FALSE,FALSE,TRUE
2008/4/28 11:53:48,40.070008,116.31415,1.287323908,-0.12423655,FALSE,FALSE,TRUE
2008/4/28 11:53:50,40.070005,116.314189,1.667775492,0.190225792,FALSE,FALSE,FALSE
2008/4/28 11:53:52,40.070007,116.314228,1.663134942,-0.002320275,FALSE,FALSE,TRUE
2008/4/28 11:53:54,40.070007,116.314265,1.574315015,-0.044409964,FALSE,FALSE,TRUE
2008/4/28 11:53:56,40.070003,116.314296,1.337639348,-0.118337834,FALSE,FALSE,TRUE
2008/4/28 11:53:58,40.070001,116.314331,1.493363036,0.077861844,FALSE,TRUE,FALSE
2008/4/28 11:54:00,40.069999,116.314369,1.620683743,0.063660354,FALSE,TRUE,FALSE
2008/4/28 11:54:02,40.070001,116.3144,1.323700031,-0.148491856,FALSE,FALSE,FALSE
2008/4/28 11:54:04,40.070004,116.314443,1.8371973,0.256748634,FALSE,TRUE,FALSE
2008/4/28 11:54:06,40.070009,116.314487,1.892686871,0.027744785,FALSE,TRUE,FALSE
2008/4/28 11:54:08,40.070022,116.314525,1.771074638,-0.060806117,FALSE,FALSE,FALSE
2008/4/28 11:54:10,40.070036,116.314563,1.794484253,0.011704808,FALSE,FALSE,FALSE
2008/4/28 11:54:12,40.07005,116.314597,1.642793859,-0.075845197,FALSE,FALSE,FALSE
2008/4/28 11:54:14,40.070075,116.314618,1.652439653,0.004822897,FALSE,FALSE,FALSE
2008/4/28 11:54:16,40.070097,116.314635,1.421083037,-0.115678308,FALSE,FALSE,FALSE
2008/4/28 11:54:18,40.07011,116.314671,1.69374051,0.136328736,FALSE,TRUE,FALSE
2008/4/28 11:54:20,40.070118,116.314711,1.759124653,0.032692072,FALSE,TRUE,FALSE
2008/4/28 11:54:22,40.070133,116.314736,1.351698247,-0.203713203,FALSE,FALSE,FALSE
2008/4/28 11:54:24,40.070158,116.314759,1.699962162,0.174131958,FALSE,TRUE,FALSE
2008/4/28 11:54:26,40.070185,116.31478,1.747016316,0.023527077,FALSE,TRUE,FALSE
2008/4/28 11:54:28,40.070212,116.314793,1.599885417,-0.073565449,FALSE,FALSE,TRUE
2008/4/28 11:54:30,40.070232,116.314799,1.140946298,-0.229469559,FALSE,FALSE,TRUE
2008/4/28 11:54:32,40.070254,116.3148,1.223959418,0.04150656,FALSE,TRUE,FALSE
2008/4/28 11:54:34,40.07028,116.314795,1.461193558,0.11861707,FALSE,TRUE,FALSE
2008/4/28 11:54:36,40.07031,116.314785,1.721439496,0.130122969,FALSE,TRUE,FALSE
2008/4/28 11:54:38,40.070339,116.314777,1.64796332,-0.036738088,FALSE,FALSE,FALSE
2008/4/28 11:54:40,40.070375,116.314772,2.012906155,0.182471417,FALSE,FALSE,FALSE
2008/4/28 11:54:42,40.070401,116.314761,1.519501571,-0.246702292,FALSE,FALSE,FALSE
2008/4/28 11:54:44,40.070432,116.314754,1.749171773,0.114835101,FALSE,FALSE,FALSE
2008/4/28 11:54:46,40.070461,116.31475,1.621383222,-0.063894275,FALSE,FALSE,FALSE
2008/4/28 11:54:48,40.07049,116.314735,1.734144322,0.05638055,FALSE,FALSE,FALSE
2008/4/28 11:54:50,40.070516,116.314713,1.722224698,-0.005959812,FALSE,FALSE,FALSE
2008/4/28 11:54:52,40.070542,116.31468,2.015278092,0.146526697,FALSE,FALSE,FALSE
2008/4/28 11:54:54,40.070568,116.314664,1.597900808,-0.208688642,FALSE,FALSE,TRUE
2008/4/28 11:54:56,40.070586,116.314637,1.523616864,-0.037141972,FALSE,FALSE,TRUE
2008/4/28 11:54:58,40.070624,116.314624,2.184038236,0.330210686,FALSE,FALSE,FALSE
2008/4/28 11:55:00,40.070657,116.314611,1.916391057,-0.13382359,FALSE,FALSE,FALSE
2008/4/28 11:55:02,40.070737,116.314624,4.482331303,1.282970123,FALSE,FALSE,FALSE
2008/4/28 11:55:04,40.070756,116.314612,1.17333366,-1.654498822,FALSE,FALSE,TRUE
2008/4/28 11:55:06,40.070771,116.314602,0.936278003,-0.118527829,FALSE,FALSE,TRUE
2008/4/28 11:55:08,40.070782,116.314596,0.662752052,-0.136762976,FALSE,FALSE,TRUE
2008/4/28 11:55:10,40.070789,116.314591,0.443554976,-0.109598538,FALSE,FALSE,TRUE
2008/4/28 11:55:12,40.070802,116.314585,0.766570471,0.161507748,FALSE,FALSE,FALSE
2008/4/28 11:55:14,40.070815,116.314586,0.72406283,-0.021253821,FALSE,FALSE,FALSE
2008/4/28 11:55:16,40.070819,116.314566,0.879553829,0.0777455,FALSE,TRUE,FALSE
2008/4/28 11:55:18,40.070937,116.314512,6.951584951,3.036015561,FALSE,TRUE,FALSE
2008/4/28 11:55:20,40.070974,116.314509,2.061189212,-2.44519787,FALSE,FALSE,TRUE
2008/4/28 11:55:22,40.070995,116.314504,1.186841503,-0.437173855,FALSE,FALSE,TRUE
2008/4/28 11:55:24,40.071002,116.314489,0.747539029,-0.219651237,FALSE,FALSE,TRUE
2008/4/28 11:55:26,40.071023,116.314479,1.242726984,0.247593978,FALSE,TRUE,FALSE
2008/4/28 11:55:28,40.071044,116.314464,1.330663812,0.043968414,FALSE,TRUE,FALSE
2008/4/28 11:55:30,40.071064,116.314443,1.426518576,0.047927382,FALSE,TRUE,FALSE
2008/4/28 11:55:32,40.071086,116.314425,1.443199428,0.008340426,FALSE,TRUE,FALSE
2008/4/28 11:55:34,40.071122,116.314407,2.143149306,0.349974939,FALSE,TRUE,FALSE
2008/4/28 11:55:36,40.07115,116.31439,1.716653322,-0.213247992,FALSE,FALSE,FALSE
2008/4/28 11:55:38,40.071201,116.314365,3.028590479,0.655968579,FALSE,FALSE,FALSE
2008/4/28 11:55:40,40.071242,116.314349,2.379116307,-0.324737086,FALSE,FALSE,TRUE
2008/4/28 11:55:42,40.071277,116.31434,1.983349766,-0.197883271,FALSE,FALSE,TRUE
2008/4/28 11:55:44,40.071318,116.314338,2.281224299,0.148937267,FALSE,TRUE,FALSE
2008/4/28 11:55:46,40.071389,116.314365,4.111422046,0.915098873,FALSE,TRUE,FALSE
2008/4/28 11:55:48,40.071431,116.314366,2.335625044,-0.887898501,FALSE,FALSE,FALSE
2008/4/28 11:55:50,40.071462,116.314328,2.36326706,0.013821008,FALSE,FALSE,FALSE
2008/4/28 11:55:52,40.071492,116.314301,2.0253528,-0.16895713,FALSE,FALSE,TRUE
2008/4/28 11:55:54,40.071516,116.314273,1.788851301,-0.11825075,FALSE,FALSE,TRUE
2008/4/28 11:55:56,40.071505,116.314267,0.662750992,-0.563050154,FALSE,FALSE,TRUE
2008/4/28 11:55:58,40.071501,116.314254,0.596163762,-0.033293615,FALSE,FALSE,TRUE
2008/4/28 11:56:00,40.071497,116.314232,0.962117054,0.182976646,FALSE,TRUE,FALSE
2008/4/28 11:56:02,40.071487,116.3142,1.470692777,0.254287862,FALSE,TRUE,FALSE
2008/4/28 11:56:04,40.071475,116.31417,1.440305326,-0.015193726,TRUE,FALSE,TRUE
2008/4/28 11:56:06,40.071472,116.314162,0.379058246,-0.53062354,TRUE,FALSE,TRUE
2008/4/28 11:56:08,40.07147,116.314133,1.238896815,0.429919284,FALSE,TRUE,FALSE
2008/4/28 11:56:10,40.071466,116.314102,1.337611411,0.049357298,FALSE,TRUE,FALSE
2008/4/28 11:56:12,40.071473,116.31407,1.416076995,0.039232792,FALSE,TRUE,FALSE
2008/4/28 11:56:14,40.07149,116.314045,1.422988577,0.003455791,FALSE,TRUE,FALSE
2008/4/28 11:56:16,40.071511,116.314015,1.729925397,0.15346841,FALSE,TRUE,FALSE
2008/4/28 11:56:18,40.071526,116.313965,2.285045411,0.277560007,FALSE,TRUE,FALSE
2008/4/28 11:56:20,40.071545,116.313901,2.920817112,0.31788585,FALSE,TRUE,FALSE
2008/4/28 11:56:22,40.071559,116.313852,2.225433017,-0.347692048,FALSE,FALSE,TRUE
2008/4/28 11:56:24,40.071568,116.313816,1.611399366,-0.307016825,FALSE,FALSE,TRUE
2008/4/28 11:56:26,40.071562,116.313796,0.914017624,-0.348690871,FALSE,FALSE,TRUE
2008/4/28 11:56:28,40.071572,116.313772,1.162712881,0.124347629,FALSE,TRUE,FALSE
2008/4/28 11:56:30,40.071571,116.313744,1.192642918,0.014965018,FALSE,TRUE,FALSE
2008/4/28 11:56:32,40.07157,116.313711,1.405187016,0.106272049,FALSE,TRUE,FALSE
2008/4/28 11:56:34,40.071583,116.313676,1.655331202,0.125072093,FALSE,TRUE,FALSE
2008/4/28 11:56:36,40.071602,116.313644,1.723311529,0.033990163,FALSE,TRUE,FALSE
2008/4/28 11:56:38,40.071611,116.313615,1.331503517,-0.195904006,FALSE,FALSE,FALSE
2008/4/28 11:56:40,40.071612,116.313582,1.40518617,0.036841327,FALSE,TRUE,FALSE
2008/4/28 11:56:42,40.071607,116.313549,1.431343183,0.013078507,FALSE,TRUE,FALSE
2008/4/28 11:56:44,40.071607,116.31353,0.808413044,-0.31146507,FALSE,FALSE,FALSE
2008/4/28 11:56:46,40.071616,116.313471,2.559724671,0.875655813,FALSE,FALSE,FALSE
2008/4/28 11:56:48,40.071613,116.31344,1.329494863,-0.615114904,FALSE,FALSE,TRUE
2008/4/28 11:56:50,40.071607,116.313412,1.237172825,-0.046161019,FALSE,FALSE,TRUE
2008/4/28 11:56:52,40.071585,116.313347,3.024060591,0.893443883,FALSE,FALSE,FALSE
2008/4/28 11:56:54,40.071596,116.313326,1.082786017,-0.970637287,FALSE,FALSE,FALSE
2008/4/28 11:56:56,40.071632,116.313282,2.740682904,0.828948444,FALSE,FALSE,FALSE
2008/4/28 11:56:58,40.07165,116.313264,1.260230681,-0.740226111,FALSE,FALSE,FALSE
2008/4/28 11:57:00,40.071689,116.313241,2.379028358,0.559398838,FALSE,FALSE,FALSE
2008/4/28 11:57:01,40.07173,116.313227,2.356176537,-0.01142591,FALSE,FALSE,TRUE
2008/4/28 11:57:03,40.071758,116.313218,1.603228214,-0.376474161,FALSE,FALSE,TRUE
2008/4/28 11:57:05,40.071822,116.313235,3.63122588,1.013998833,FALSE,TRUE,FALSE
2008/4/28 11:57:07,40.071824,116.313145,3.830927091,0.099850605,FALSE,TRUE,FALSE
2008/4/28 11:57:09,40.071871,116.313172,2.854603244,-0.488161924,FALSE,FALSE,TRUE
2008/4/28 11:57:11,40.071911,116.31316,2.281889797,-0.286356723,FALSE,FALSE,TRUE
2008/4/28 11:57:13,40.07192,116.313138,1.061415732,-0.610237033,FALSE,FALSE,TRUE
2008/4/28 11:57:15,40.071917,116.313117,0.908941383,-0.076237174,FALSE,FALSE,TRUE
2008/4/28 11:57:17,40.07192,116.31309,1.1608388,0.125948708,FALSE,FALSE,FALSE
2008/4/28 11:57:19,40.071934,116.313075,1.006602203,-0.077118298,FALSE,FALSE,FALSE
2008/4/28 11:57:21,40.071947,116.313058,1.022564846,0.007981321,FALSE,TRUE,FALSE
2008/4/28 11:57:23,40.07197,116.313041,1.469205192,0.223320173,FALSE,TRUE,FALSE
2008/4/28 11:57:25,40.071975,116.313023,0.814757244,-0.327223974,FALSE,FALSE,FALSE
2008/4/28 11:57:27,40.071981,116.313004,0.874538198,0.029890477,FALSE,TRUE,FALSE
2008/4/28 11:57:29,40.071973,116.312975,1.311613605,0.218537703,FALSE,TRUE,FALSE
2008/4/28 11:57:31,40.071975,116.312946,1.238887739,-0.036362933,FALSE,FALSE,FALSE
2008/4/28 11:57:33,40.071965,116.312915,1.431384369,0.096248315,FALSE,TRUE,FALSE
2008/4/28 11:57:35,40.071946,116.312863,2.451758118,0.510186874,FALSE,TRUE,FALSE
2008/4/28 11:57:37,40.071929,116.312827,1.799890459,-0.325933829,FALSE,FALSE,TRUE
2008/4/28 11:57:39,40.071943,116.312819,0.849580159,-0.47515515,TRUE,FALSE,TRUE
2008/4/28 11:57:41,40.071946,116.312816,0.210038102,-0.319771029,TRUE,FALSE,TRUE
2008/4/28 11:57:43,40.071948,116.312816,0.111201784,-0.049418159,TRUE,FALSE,TRUE
2008/4/28 11:57:45,40.071949,116.312815,0.070012699,-0.020594542,TRUE,FALSE,TRUE
2008/4/28 11:57:47,40.071952,116.312814,0.172143695,0.051065498,TRUE,FALSE,FALSE
2008/4/28 11:57:49,40.071954,116.312814,0.111201783,-0.030470956,TRUE,FALSE,FALSE
2008/4/28 11:57:51,40.071948,116.312814,0.166802676,0.013900223,TRUE,TRUE,FALSE
2008/4/28 11:57:53,40.071941,116.312811,0.409602699,0.121400012,TRUE,TRUE,FALSE
2008/4/28 11:57:55,40.071936,116.312809,0.290736577,-0.059433061,TRUE,FALSE,TRUE
2008/4/28 11:57:57,40.071931,116.312809,0.27800446,-0.006366058,TRUE,FALSE,TRUE
2008/4/28 11:57:59,40.071926,116.312804,0.350063533,0.036029536,TRUE,TRUE,FALSE
2008/4/28 11:58:01,40.071914,116.31278,0.609900533,0.06495925,FALSE,TRUE,FALSE
2008/4/28 11:58:03,40.071899,116.312775,0.860718504,0.125408985,FALSE,TRUE,FALSE
2008/4/28 11:58:05,40.071888,116.312764,0.770139919,-0.045289292,FALSE,FALSE,FALSE
2008/4/28 11:58:07,40.071877,116.312746,0.980107645,0.104983863,TRUE,FALSE,FALSE
2008/4/28 11:58:09,40.071877,116.312743,0.127643659,-0.426231993,TRUE,FALSE,FALSE
2008/4/28 11:58:11,40.071937,116.312767,3.488839059,1.6805977,FALSE,FALSE,FALSE
2008/4/28 11:58:13,40.07195,116.312773,0.766569038,-1.361135011,FALSE,FALSE,TRUE
2008/4/28 11:58:15,40.071962,116.312779,0.714381961,-0.026093538,FALSE,FALSE,TRUE
2008/4/28 11:58:17,40.071974,116.312786,0.730667978,0.008143009,TRUE,FALSE,FALSE
2008/4/28 11:58:19,40.071977,116.312783,0.210038065,-0.260314956,TRUE,FALSE,TRUE
2008/4/28 11:58:21,40.071977,116.312782,0.042547824,-0.083745121,TRUE,FALSE,TRUE
2008/4/28 11:58:23,40.071802,116.312531,2.063917573,0.144383553,FALSE,FALSE,FALSE
2008/4/28 11:58:25,40.071791,116.312516,0.883962735,-0.589977419,FALSE,FALSE,TRUE
2008/4/28 11:58:27,40.071786,116.312508,0.439485413,-0.222238661,TRUE,FALSE,TRUE
2008/4/28 11:58:29,40.071781,116.312505,0.305907548,-0.066788933,TRUE,FALSE,TRUE
2008/4/28 11:58:31,40.071778,116.312502,0.21003829,-0.047934629,TRUE,FALSE,TRUE
2008/4/28 11:58:33,40.071783,116.312496,0.377436457,0.083699084,TRUE,TRUE,FALSE
2008/4/28 11:58:35,40.071834,116.312432,7.862819275,7.485382818,FALSE,TRUE,FALSE
2008/4/28 11:58:37,40.071862,116.312403,3.973002203,-3.889817072,TRUE,FALSE,TRUE
2008/4/28 11:58:39,40.071861,116.312409,0.261272087,-1.855865058,TRUE,FALSE,TRUE
2008/4/28 11:58:41,40.071859,116.31241,0.119063681,-0.071104203,TRUE,FALSE,TRUE
2008/4/28 11:58:43,40.071856,116.31241,0.166802677,0.023869498,TRUE,FALSE,FALSE
2008/4/28 11:58:45,40.071854,116.31241,0,-0.083401338,TRUE,FALSE,FALSE
